uid,Game,Data,Dimension,Method,Loss function,Param1,Param2,Param3,Batch size,nepoch,Run1,Run2,Run3,There should be another similar sheet on excel or google sheets. Find it  and seggregate it,
evpjadin,,,,,,,,,,,,,,,
9m0t1qhq,,,,,,,,,,,,,,,
e4af382i,,,,,,,,,,,,,,,
2uhfodd8,,,,,,,,,,,,,,,
yyoxbxj6,Union_Square,,1CHAN,E2E,,,,,,,1.a_Union_Square_singlegame_full_e2e_PolicyNotLoaded_0.0_20000_2000_notemp/23_11_03_00_52_13,1.a_Union_Square_singlegame_full_e2e_PolicyNotLoaded_0.0_20000_2000_notemp/23_11_03_01_18_21,1.a_Union_Square_singlegame_full_e2e_PolicyNotLoaded_0.0_20000_2000_notemp/23_11_03_09_31_30,,#
8pdrvuxj,Union_Square,,4STACK,,,,,,,,,,,,
0t1wtttb,Union_Square,,1CHAN,Random,,,,,,,1.a_Union_Square_singlegame_full_random_PolicyNotLoaded_0.0_20000_2000_notemp/23_11_03_09_38_33,1.a_Union_Square_singlegame_full_random_PolicyNotLoaded_0.0_20000_2000_1.0_4stack/24_01_15_20_00_34,1.a_Union_Square_singlegame_full_random_PolicyNotLoaded_0.0_20000_2000_1.0_4stack/24_01_15_22_35_40,,
t7xjoct2,Union_Square,,4STACK,,,,,,,,,,,,
czsiddeq,Union_Square,UnionWall,,VEP,Triplet,,,,,,1.a_Union_Square_singlegame_full_3CHAN_NVEP_BEOGYM_EXPERT_3CHAN_UNIONWALL_STANDARD_2.0_-1.0_2.0_same_32_0_0.0001_0.pt_PolicyNotLoaded_0.0_20000_2000_notemp/24_01_09_13_19_54,1.a_Union_Square_singlegame_full_3CHAN_NVEP_BEOGYM_EXPERT_3CHAN_UNIONWALL_STANDARD_2.0_-1.0_2.0_same_32_0_0.0001_0.pt_PolicyNotLoaded_0.0_20000_2000_notemp/23_11_17_02_00_30,1.a_Union_Square_singlegame_full_3CHAN_NVEP_BEOGYM_EXPERT_3CHAN_UNIONWALL_STANDARD_2.0_-1.0_2.0_same_32_0_0.0001_0.pt_PolicyNotLoaded_0.0_20000_2000_notemp/23_11_16_01_26_24,,
93y95vyz,Union_Square,,,,InfoMAX,,,,,,,,,,
qoz74gg2,Union_Square,,,,NCE,,,,,,,,,,
cb4xgbd0,Union_Square,,,,,,,,,,,,,,
m5nxf6a4,Union_Square,,,TCN,,,,,,,1.a_Union_Square_singlegame_full_3CHAN_TCN_BEOGYM_EXPERT_3CHAN_UNIONWALL_STANDARD_2.0_32_0_0.0001_0.pt_PolicyNotLoaded_0.0_20000_2000_notemp/23_11_17_09_31_54,1.a_Union_Square_singlegame_full_3CHAN_TCN_BEOGYM_EXPERT_3CHAN_UNIONWALL_STANDARD_2.0_32_0_0.0001_0.pt_PolicyNotLoaded_0.0_20000_2000_notemp/23_11_17_15_15_11,1.a_Union_Square_singlegame_full_3CHAN_TCN_BEOGYM_EXPERT_3CHAN_UNIONWALL_STANDARD_2.0_32_0_0.0001_0.pt_PolicyNotLoaded_0.0_20000_2000_notemp/23_11_17_19_03_42,,
8pam9mw5,Union_Square,,,TCN,,,,,64,2,1.a_Union_Square_singlegame_full_3CHAN_TCN_BEOGYM_EXPERT_3CHAN_ALLUNIONWALL_STANDARD_2.0_triplet_64_0_0.0001_2.0.pt_PolicyNotLoaded_0.0_20000_2000_1.0_notemp/24_01_21_21_22_06,1.a_Union_Square_singlegame_full_3CHAN_TCN_BEOGYM_EXPERT_3CHAN_ALLUNIONWALL_STANDARD_2.0_triplet_64_0_0.0001_2.0.pt_PolicyNotLoaded_0.0_20000_2000_1.0_notemp/24_01_21_21_22_12,1.a_Union_Square_singlegame_full_3CHAN_TCN_BEOGYM_EXPERT_3CHAN_ALLUNIONWALL_STANDARD_2.0_triplet_64_0_0.0001_2.0.pt_PolicyNotLoaded_0.0_20000_2000_1.0_notemp/24_01_21_21_22_26,,
v3kogfup,Union_Square,,,,,,,,,,,,,,
67p0p9lw,Union_Square,,,VIP,,,,,,,1.a_Union_Square_singlegame_full_3CHAN_VIP_BEOGYM_EXPERT_3CHAN_UNIONWALL_STANDARD_50.0_15.0_32_0_0.0001_0.pt_PolicyNotLoaded_0.0_20000_2000_notemp/23_11_17_04_16_27,1.a_Union_Square_singlegame_full_3CHAN_VIP_BEOGYM_EXPERT_3CHAN_UNIONWALL_STANDARD_50.0_15.0_32_0_0.0001_0.pt_PolicyNotLoaded_0.0_20000_2000_notemp/23_11_17_08_36_14,1.a_Union_Square_singlegame_full_3CHAN_VIP_BEOGYM_EXPERT_3CHAN_UNIONWALL_STANDARD_50.0_15.0_32_0_0.0001_0.pt_PolicyNotLoaded_0.0_20000_2000_1.0_4stack/24_01_15_19_54_56,,
can0wj19,Union_Square,,,,,,,,,,,,,,
0xg37g99,Union_Square,,,,,,,,,,,,,,
omhvtkzv,Union_Square,,,SOM,,0.1,,,,,1.a_Union_Square_singlegame_full_3CHAN_SOM_BEOGYM_EXPERT_3CHAN_UNIONWALL_STANDARD_0.1_32_0_0.0001_0.pt_PolicyNotLoaded_0.0_20000_2000_notemp/23_11_16_18_18_00,1.a_Union_Square_singlegame_full_3CHAN_SOM_BEOGYM_EXPERT_3CHAN_UNIONWALL_STANDARD_0.1_32_0_0.0001_0.pt_PolicyNotLoaded_0.0_20000_2000_notemp/23_11_16_21_52_29,1.a_Union_Square_singlegame_full_3CHAN_SOM_BEOGYM_EXPERT_3CHAN_UNIONWALL_STANDARD_0.1_32_0_0.0001_0.pt_PolicyNotLoaded_0.0_20000_2000_notemp/23_11_16_21_53_03,,
cx70geg3,Union_Square,,,,,,,,,,,,,,
qt50cntn,Union_Square,,,VAE,,,,,,,,,,,
k3ioye93,Union_Square,,,,,,,,,,,,,,
nwy4s5jm,Union_Square,AllUnionWall,,VEP,Triplet,,,,,,1.a_Union_Square_singlegame_full_3CHAN_NVEP_BEOGYM_EXPERT_3CHAN_ALLUNIONWALL_STANDARD_2.0_-1.0_2.0_same_32_0_0.0001_0.pt_PolicyNotLoaded_0.0_20000_2000_notemp/23_12_18_12_03_59,1.a_Union_Square_singlegame_full_3CHAN_NVEP_BEOGYM_EXPERT_3CHAN_ALLUNIONWALL_STANDARD_2.0_-1.0_2.0_same_32_0_0.0001_0.pt_PolicyNotLoaded_0.0_20000_2000_notemp/23_12_19_01_16_02,1.a_Union_Square_singlegame_full_3CHAN_NVEP_BEOGYM_EXPERT_3CHAN_ALLUNIONWALL_STANDARD_2.0_-1.0_2.0_same_32_0_0.0001_0.pt_PolicyNotLoaded_0.0_20000_2000_notemp/23_12_19_05_43_08,,
c1cdfmrv,Union_Square,,,,,,,,,,,,,,
0wbe4uju,Union_Square,,,TCN,,,,,64,,1.a_Union_Square_singlegame_full_3CHAN_TCN_BEOGYM_EXPERT_3CHAN_ALLUNIONWALL_STANDARD_2.0_triplet_32_0_0.0001_1.pt_PolicyNotLoaded_0.0_20000_2000_1.0_notemp/24_01_20_07_04_32,1.a_Union_Square_singlegame_full_3CHAN_TCN_BEOGYM_EXPERT_3CHAN_ALLUNIONWALL_STANDARD_2.0_triplet_32_0_0.0001_1.pt_PolicyNotLoaded_0.0_20000_2000_1.0_notemp/24_01_20_10_18_54,1.a_Union_Square_singlegame_full_3CHAN_TCN_BEOGYM_EXPERT_3CHAN_ALLUNIONWALL_STANDARD_2.0_triplet_32_0_0.0001_1.pt_PolicyNotLoaded_0.0_20000_2000_1.0_notemp/24_01_20_13_49_43,,
2cyc69hg,Union_Square,,,,,,,,,,,,,,
nb0koktl,Union_Square,,,,,,,,,,,,,,
9u8ryysm,Union_Square,,,VIP,,,,,,,1.a_Union_Square_singlegame_full_3CHAN_VIP_BEOGYM_EXPERT_3CHAN_ALLUNIONWALL_STANDARD_50.0_15.0_triplet_32_0_0.0001_1.pt_PolicyNotLoaded_0.0_20000_2000_1.0_notemp/24_01_20_15_39_49,1.a_Union_Square_singlegame_full_3CHAN_VIP_BEOGYM_EXPERT_3CHAN_ALLUNIONWALL_STANDARD_50.0_15.0_triplet_32_0_0.0001_1.pt_PolicyNotLoaded_0.0_20000_2000_1.0_notemp/24_01_20_18_07_48,1.a_Union_Square_singlegame_full_3CHAN_VIP_BEOGYM_EXPERT_3CHAN_ALLUNIONWALL_STANDARD_50.0_15.0_triplet_32_0_0.0001_1.pt_PolicyNotLoaded_0.0_20000_2000_1.0_notemp/24_01_20_20_42_01,,
atrtc3z1,Union_Square,,,,,,,,,,,,,,
io1u1n36,Union_Square,,,,,,,,,,,,,,
hplt88wu,Union_Square,,,SOM,,0.9,,,,,1.a_Union_Square_singlegame_full_3CHAN_SOM_BEOGYM_EXPERT_3CHAN_ALLUNIONWALL_STANDARD_0.9_triplet_32_32_0.0001_1.pt_PolicyNotLoaded_0.0_20000_2000_1.0_notemp/24_01_20_20_39_22,1.a_Union_Square_singlegame_full_3CHAN_SOM_BEOGYM_EXPERT_3CHAN_ALLUNIONWALL_STANDARD_0.9_triplet_32_32_0.0001_1.pt_PolicyNotLoaded_0.0_20000_2000_1.0_notemp/24_01_21_00_52_32,1.a_Union_Square_singlegame_full_3CHAN_SOM_BEOGYM_EXPERT_3CHAN_ALLUNIONWALL_STANDARD_0.9_triplet_32_32_0.0001_1.pt_PolicyNotLoaded_0.0_20000_2000_1.0_notemp/24_01_21_04_45_56,,
5t4ijxu8,Union_Square,,,,,,,,,,,,,,
c40optcu,Union_Square,,,VAE,,,,,,,,,,,
myzrgweq,Union_Square,,,,,,,,,,,,,,
1wvei34f,Union_Square,,,,,,,,,,,,,,
fvl0mmru,Union_Square,AllUnionHudsonWall,,VEP,Triplet,2,,,,0.25,1.a_Union_Square_singlegame_full_3CHAN_NVEP_BEOGYM_EXPERT_3CHAN_ALLUNIONHUDSONWALL_STANDARD_2.0_-1.0_2.0_same_32_0_0.0001_0.25.pt_PolicyNotLoaded_0.0_20000_2000_notemp/24_01_01_12_36_02,1.a_Union_Square_singlegame_full_3CHAN_NVEP_BEOGYM_EXPERT_3CHAN_ALLUNIONHUDSONWALL_STANDARD_2.0_-1.0_2.0_same_32_0_0.0001_0.25.pt_PolicyNotLoaded_0.0_20000_2000_notemp/24_01_01_15_26_34,1.a_Union_Square_singlegame_full_3CHAN_NVEP_BEOGYM_EXPERT_3CHAN_ALLUNIONHUDSONWALL_STANDARD_2.0_-1.0_2.0_same_32_0_0.0001_0.25.pt_PolicyNotLoaded_0.0_20000_2000_notemp/24_01_01_18_55_44,,
07oii6qi,Union_Square,,,VEP,,,,,,0.5,1.a_Union_Square_singlegame_full_3CHAN_NVEP_BEOGYM_EXPERT_3CHAN_ALLUNIONHUDSONWALL_STANDARD_2.0_-1.0_2.0_same_32_0_0.0001_0_0.5.pt_PolicyNotLoaded_0.0_20000_2000_notemp/23_12_31_12_23_33,1.a_Union_Square_singlegame_full_3CHAN_NVEP_BEOGYM_EXPERT_3CHAN_ALLUNIONHUDSONWALL_STANDARD_2.0_-1.0_2.0_same_32_0_0.0001_0_0.5.pt_PolicyNotLoaded_0.0_20000_2000_notemp/23_12_31_20_22_25,1.a_Union_Square_singlegame_full_3CHAN_NVEP_BEOGYM_EXPERT_3CHAN_ALLUNIONHUDSONWALL_STANDARD_2.0_-1.0_2.0_same_32_0_0.0001_0_0.5.pt_PolicyNotLoaded_0.0_20000_2000_notemp/24_01_01_04_15_30,,
jtw6peu9,Union_Square,,,VEP,,,,,,1,1.a_Union_Square_singlegame_full_3CHAN_NVEP_BEOGYM_EXPERT_3CHAN_ALLUNIONHUDSONWALL_STANDARD_2.0_-1.0_2.0_same_32_0_0.0001_1_2.0.pt_PolicyNotLoaded_0.0_20000_2000_notemp/23_12_31_22_48_49,1.a_Union_Square_singlegame_full_3CHAN_NVEP_BEOGYM_EXPERT_3CHAN_ALLUNIONHUDSONWALL_STANDARD_2.0_-1.0_2.0_same_32_0_0.0001_1_2.0.pt_PolicyNotLoaded_0.0_20000_2000_notemp/24_01_01_01_05_35,1.a_Union_Square_singlegame_full_3CHAN_NVEP_BEOGYM_EXPERT_3CHAN_ALLUNIONHUDSONWALL_STANDARD_2.0_-1.0_2.0_same_32_0_0.0001_1_2.0.pt_PolicyNotLoaded_0.0_20000_2000_notemp/24_01_01_03_15_38,,
5ehsrgkw,Union_Square,,,,,,,,,,,,,,
fuqxtf5p,Union_Square,,,TCN,,2,,,,,1.a_Union_Square_singlegame_full_3CHAN_TCN_BEOGYM_EXPERT_3CHAN_ALLUNIONHUDSONWALL_STANDARD_2.0_triplet_32_0_0.0001_1.pt_PolicyNotLoaded_0.0_20000_2000_1.0_notemp/24_01_19_12_16_44,1.a_Union_Square_singlegame_full_3CHAN_TCN_BEOGYM_EXPERT_3CHAN_ALLUNIONHUDSONWALL_STANDARD_2.0_triplet_32_0_0.0001_1.pt_PolicyNotLoaded_0.0_20000_2000_1.0_notemp/24_01_19_15_38_44,1.a_Union_Square_singlegame_full_3CHAN_TCN_BEOGYM_EXPERT_3CHAN_ALLUNIONHUDSONWALL_STANDARD_2.0_triplet_32_0_0.0001_1.pt_PolicyNotLoaded_0.0_20000_2000_1.0_notemp/24_01_19_19_33_04,,
7glbjgv8,Union_Square,,,,,,,,,,,,,,
kgrqo63z,Union_Square,,,,,,,,,,,,,,
gk51s3u6,Union_Square,,,VIP,,,,,,,1.a_Union_Square_singlegame_full_3CHAN_VIP_BEOGYM_EXPERT_3CHAN_ALLUNIONHUDSONWALL_STANDARD_50.0_15.0_triplet_32_0_0.0001_1.pt_PolicyNotLoaded_0.0_20000_2000_1.0_notemp/24_01_22_07_24_56,1.a_Union_Square_singlegame_full_3CHAN_VIP_BEOGYM_EXPERT_3CHAN_ALLUNIONHUDSONWALL_STANDARD_50.0_15.0_triplet_32_0_0.0001_1.pt_PolicyNotLoaded_0.0_20000_2000_255.0_notemp/24_01_22_10_35_06,1.a_Union_Square_singlegame_full_3CHAN_VIP_BEOGYM_EXPERT_3CHAN_ALLUNIONHUDSONWALL_STANDARD_50.0_15.0_triplet_32_0_0.0001_1.pt_PolicyNotLoaded_0.0_20000_2000_255.0_notemp/24_01_22_10_35_19,,
hrbxipzm,Union_Square,,,,,,,,,,,,,,
8ki0uy4h,Union_Square,,,,,,,,,,,,,,
ue5a0q1r,Union_Square,,,SOM,,0.9,,,,,"1.a_Union_Square_singlegame_full_3CHAN_SOM_BEOGYM_EXPERT_3CHAN_ALLUNIONHUDSONWALL_STANDARD_0.9_triplet_32_32_0.0001_1.pt_PolicyNotLoaded_0.0_20000_2000_1.0_notemp/24_01_21_12_06_21
",1.a_Union_Square_singlegame_full_3CHAN_SOM_BEOGYM_EXPERT_3CHAN_ALLUNIONHUDSONWALL_STANDARD_0.9_triplet_32_32_0.0001_1.pt_PolicyNotLoaded_0.0_20000_2000_1.0_notemp/24_01_21_16_15_10,1.a_Union_Square_singlegame_full_3CHAN_SOM_BEOGYM_EXPERT_3CHAN_ALLUNIONHUDSONWALL_STANDARD_0.9_triplet_32_32_0.0001_1.pt_PolicyNotLoaded_0.0_20000_2000_1.0_notemp/24_01_21_20_42_51,,
h5soekoj,Union_Square,,,,,,,,,,,,,,
aauffqf7,Union_Square,,,,,,,,,,,,,,
ks8d0zv7,Union_Square,,,,,,,,,,,,,,
jxr3c8rg,Union_Square,,,,,,,,,,,,,,
9gbu4evd,Union_Square,,,,,,,,,,,,,,
zle7z8k6,Union_Square,AllUnionHudsonWallCMU,,VEP,,,,,,0.25,1.a_Union_Square_singlegame_full_3CHAN_NVEP_BEOGYM_EXPERT_3CHAN_ALLUNIONHUDSONWALLCMU_STANDARD_2.0_-1.0_2.0_same_32_0_0.0001_0.25.pt_PolicyNotLoaded_0.0_20000_2000_notemp/24_01_03_13_13_00,1.a_Union_Square_singlegame_full_3CHAN_NVEP_BEOGYM_EXPERT_3CHAN_ALLUNIONHUDSONWALLCMU_STANDARD_2.0_-1.0_2.0_same_32_0_0.0001_0.25.pt_PolicyNotLoaded_0.0_20000_2000_notemp/24_01_04_00_20_25,1.a_Union_Square_singlegame_full_3CHAN_NVEP_BEOGYM_EXPERT_3CHAN_ALLUNIONHUDSONWALLCMU_STANDARD_2.0_-1.0_2.0_same_32_0_0.0001_0.25.pt_PolicyNotLoaded_0.0_20000_2000_notemp/24_01_03_03_13_07,,
vcbiz5fh,Union_Square,,,,,,,,,0.5,,,,,
80ds3vq8,Union_Square,,,VEP,,,,,,1,1.a_Union_Square_singlegame_full_3CHAN_NVEP_BEOGYM_EXPERT_3CHAN_ALLUNIONHUDSONWALLCMU_STANDARD_2.0_-1.0_2.0_same_32_0_0.0001_1.0.pt_PolicyNotLoaded_0.0_20000_2000_notemp/24_01_03_16_35_41,1.a_Union_Square_singlegame_full_3CHAN_NVEP_BEOGYM_EXPERT_3CHAN_ALLUNIONHUDSONWALLCMU_RESNET_2.0_-1.0_2.0_same_32_0_0.0001_0.pt_PolicyNotLoaded_0.0_20000_2000_notemp/24_01_02_17_38_29,1.a_Union_Square_singlegame_full_3CHAN_NVEP_BEOGYM_EXPERT_3CHAN_ALLUNIONHUDSONWALLCMU_STANDARD_2.0_-1.0_2.0_same_32_0_0.0001_1.0.pt_PolicyNotLoaded_0.0_20000_2000_notemp/24_01_03_13_12_33,,
aud19rls,Union_Square,,,,,,,,,,,,,,
ao4pkse0,Union_Square,,,TCN,,,,,,,1.a_Union_Square_singlegame_full_3CHAN_TCN_BEOGYM_EXPERT_3CHAN_ALLUNIONHUDSONWALLCMU_STANDARD_2.0_triplet_32_0_0.0001_1.pt_PolicyNotLoaded_0.0_20000_2000_1.0_notemp/24_01_22_14_35_06,1.a_Union_Square_singlegame_full_3CHAN_TCN_BEOGYM_EXPERT_3CHAN_ALLUNIONHUDSONWALLCMU_STANDARD_2.0_triplet_32_0_0.0001_1.pt_PolicyNotLoaded_0.0_20000_2000_1.0_notemp/24_01_22_17_54_46,1.a_Union_Square_singlegame_full_3CHAN_TCN_BEOGYM_EXPERT_3CHAN_ALLUNIONHUDSONWALLCMU_STANDARD_2.0_triplet_32_0_0.0001_1.pt_PolicyNotLoaded_0.0_20000_2000_1.0_notemp/24_01_22_20_33_57,,
skchuo8j,Union_Square,,,,,,,,,,,,,,
2a4zx6dv,Union_Square,,,,,,,,,,,,,,
g8eeezlx,Union_Square,,,VIP,,,,,,,**,**,**,,
145jzuki,Union_Square,,,,,,,,,,,,,,
bbb66wrk,Union_Square,,,,,,,,,,,,,,
afqt2tli,Union_Square,,,SOM,,,,,,,**,**,**,,
0cklupdi,Union_Square,,,,,,,,,,,,,,
tgzkx4hk,,,,,,,,,,,,,,,
6atqx4la,,,,,,,,,,,,,,,
87m441fu,,,,,,,,,,,,,,,
f8sqowa0,,,,,,,,,,,,,,,
dzyv4kd5,,,,,,,,,,,,,,,
d2hh5szn,,,,,,,,,,,,,,,
6rlhqxx5,Wall_Street,,,E2E,,,,,,,1.a_Wall_Street_singlegame_full_e2e_PolicyNotLoaded_0.0_20000_2000_notemp/23_11_02_21_28_32,1.a_Wall_Street_singlegame_full_e2e_PolicyNotLoaded_0.0_20000_2000_notemp/23_11_02_22_19_45,1.a_Wall_Street_singlegame_full_e2e_PolicyNotLoaded_0.0_20000_2000_notemp/23_11_03_01_08_55,,
7caqcni7,Wall_Street,,,Random,,,,,,,1.a_Wall_Street_singlegame_full_random_PolicyNotLoaded_0.0_20000_2000_notemp/23_11_02_23_55_00,1.a_Wall_Street_singlegame_full_random_PolicyNotLoaded_0.0_20000_2000_notemp/23_11_03_06_24_07,,,
tmb1910k,Wall_Street,,,,,,,,,,,,,,
1p6ntugd,Wall_Street,UnionWall,,VEP,,,,,,,1.a_Wall_Street_singlegame_full_3CHAN_NVEP_BEOGYM_EXPERT_3CHAN_UNIONWALL_STANDARD_2.0_-1.0_2.0_same_32_0_0.0001_0.pt_PolicyNotLoaded_0.0_20000_2000_notemp/23_11_16_19_07_06,1.a_Wall_Street_singlegame_full_3CHAN_NVEP_BEOGYM_EXPERT_3CHAN_UNIONWALL_STANDARD_2.0_-1.0_2.0_same_32_0_0.0001_0.pt_PolicyNotLoaded_0.0_20000_2000_notemp/23_11_16_22_21_35,1.a_Wall_Street_singlegame_full_3CHAN_NVEP_BEOGYM_EXPERT_3CHAN_UNIONWALL_STANDARD_2.0_-1.0_2.0_same_32_0_0.0001_0.pt_PolicyNotLoaded_0.0_20000_2000_notemp/23_11_17_06_46_01,,
dhab5iuc,Wall_Street,UnionWall,,,,,,,,,,,,,
qzqmtf3y,Wall_Street,UnionWall,,TCN,,,,,32,,1.a_Wall_Street_singlegame_full_3CHAN_TCN_BEOGYM_EXPERT_3CHAN_UNIONWALL_STANDARD_2.0_32_0_0.0001_0.pt_PolicyNotLoaded_0.0_20000_2000_notemp/23_11_16_20_32_15,1.a_Wall_Street_singlegame_full_3CHAN_TCN_BEOGYM_EXPERT_3CHAN_UNIONWALL_STANDARD_2.0_32_0_0.0001_0.pt_PolicyNotLoaded_0.0_20000_2000_notemp/23_11_17_09_30_37,??,,
vqrqzju7,Wall_Street,UnionWall,,TCN,,,,,64,,1.a_Wall_Street_singlegame_full_3CHAN_TCN_BEOGYM_EXPERT_3CHAN_ALLUNIONWALL_STANDARD_2.0_triplet_64_0_0.0001_2.0.pt_PolicyNotLoaded_0.0_20000_2000_1.0_4650_notemp/24_02_01_00_58_46,1.a_Wall_Street_singlegame_full_3CHAN_TCN_BEOGYM_EXPERT_3CHAN_ALLUNIONWALL_STANDARD_2.0_triplet_64_0_0.0001_2.0.pt_PolicyNotLoaded_0.0_20000_2000_1.0_4650_notemp/24_02_01_00_58_51,1.a_Wall_Street_singlegame_full_3CHAN_TCN_BEOGYM_EXPERT_3CHAN_ALLUNIONWALL_STANDARD_2.0_triplet_64_0_0.0001_2.0.pt_PolicyNotLoaded_0.0_20000_2000_1.0_4650_notemp/24_02_01_01_22_57,,
6n01hpsr,Wall_Street,UnionWall,,VIP,,,,,,,1.a_Wall_Street_singlegame_full_3CHAN_VIP_BEOGYM_EXPERT_3CHAN_UNIONWALL_STANDARD_50.0_15.0_32_0_0.0001_0.pt_PolicyNotLoaded_0.0_20000_2000_notemp/23_11_17_01_48_26,1.a_Wall_Street_singlegame_full_3CHAN_VIP_BEOGYM_EXPERT_3CHAN_UNIONWALL_STANDARD_50.0_15.0_32_0_0.0001_0.pt_PolicyNotLoaded_0.0_20000_2000_notemp/23_11_17_06_11_04,1.a_Wall_Street_singlegame_full_3CHAN_VIP_BEOGYM_EXPERT_3CHAN_UNIONWALL_STANDARD_50.0_15.0_32_0_0.0001_0.pt_PolicyNotLoaded_0.0_20000_2000_1.0_notemp/24_01_16_07_53_29,,
gfoa8jga,Wall_Street,UnionWall,,,,,,,,,,,,,
ncg0k0hg,Wall_Street,UnionWall,,SOM,,,,,,,1.a_Wall_Street_singlegame_full_3CHAN_SOM_BEOGYM_EXPERT_3CHAN_UNIONWALL_STANDARD_0.9_32_32_0.0001_0.pt_PolicyNotLoaded_0.0_20000_2000_notemp/23_11_18_02_48_42,1.a_Wall_Street_singlegame_full_3CHAN_SOM_BEOGYM_EXPERT_3CHAN_UNIONWALL_STANDARD_0.9_32_32_0.0001_0.pt_PolicyNotLoaded_0.0_20000_2000_notemp/23_11_17_20_50_48,1.a_Wall_Street_singlegame_full_3CHAN_SOM_BEOGYM_EXPERT_3CHAN_UNIONWALL_STANDARD_0.9_32_32_0.0001_0.pt_PolicyNotLoaded_0.0_20000_2000_notemp/23_11_17_14_49_26,,
rtdv7pjw,Wall_Street,UnionWall,,,,,,,,,,,,,
rviyt0c4,Wall_Street,,,,,,,,,,,,,,
obf58n62,Wall_Street,,,,,,,,,,,,,,
dvq9013o,Wall_Street,AllUnionWall,,VEP,,1,,,,,1.a_Wall_Street_singlegame_full_3CHAN_NVEP_BEOGYM_EXPERT_3CHAN_ALLUNIONWALL_STANDARD_1.0_-1.0_1.0_same_32_0_0.0001_0.pt_PolicyNotLoaded_0.0_20000_2000_notemp/23_12_19_20_30_19,1.a_Wall_Street_singlegame_full_3CHAN_NVEP_BEOGYM_EXPERT_3CHAN_ALLUNIONWALL_STANDARD_1.0_-1.0_1.0_same_32_0_0.0001_0.pt_PolicyNotLoaded_0.0_20000_2000_notemp/23_12_19_23_29_42,1.a_Wall_Street_singlegame_full_3CHAN_NVEP_BEOGYM_EXPERT_3CHAN_ALLUNIONWALL_STANDARD_1.0_-1.0_1.0_same_32_0_0.0001_0.pt_PolicyNotLoaded_0.0_20000_2000_notemp/23_12_20_02_27_58,,
x3axwjo8,Wall_Street,,,,,,,,,,,,,,
20jt6d2k,Wall_Street,,,TCN,,2,,,,,1.a_Wall_Street_singlegame_full_3CHAN_TCN_BEOGYM_EXPERT_3CHAN_ALLUNIONWALL_STANDARD_2.0_triplet_32_0_0.0001_1.pt_PolicyNotLoaded_0.0_20000_2000_1.0_notemp/24_01_20_20_59_28,1.a_Wall_Street_singlegame_full_3CHAN_TCN_BEOGYM_EXPERT_3CHAN_ALLUNIONWALL_STANDARD_2.0_triplet_32_0_0.0001_1.pt_PolicyNotLoaded_0.0_20000_2000_1.0_notemp/24_01_20_13_56_22,1.a_Wall_Street_singlegame_full_3CHAN_TCN_BEOGYM_EXPERT_3CHAN_ALLUNIONWALL_STANDARD_2.0_triplet_32_0_0.0001_1.pt_PolicyNotLoaded_0.0_20000_2000_1.0_notemp/24_01_20_07_03_53,,
3mdy5rru,Wall_Street,,,,,,,,,,,,,,
l1c841nn,Wall_Street,,,VIP,,,,,,,1.a_Wall_Street_singlegame_full_3CHAN_VIP_BEOGYM_EXPERT_3CHAN_ALLUNIONWALL_STANDARD_50.0_15.0_triplet_32_0_0.0001_1.pt_PolicyNotLoaded_0.0_20000_2000_1.0_notemp/24_01_20_09_53_46,1.a_Wall_Street_singlegame_full_3CHAN_VIP_BEOGYM_EXPERT_3CHAN_ALLUNIONWALL_STANDARD_50.0_15.0_triplet_32_0_0.0001_1.pt_PolicyNotLoaded_0.0_20000_2000_1.0_notemp/24_01_20_14_12_02,1.a_Wall_Street_singlegame_full_3CHAN_VIP_BEOGYM_EXPERT_3CHAN_ALLUNIONWALL_STANDARD_50.0_15.0_triplet_32_0_0.0001_1.pt_PolicyNotLoaded_0.0_20000_2000_1.0_notemp/24_01_20_18_22_50,,
pf0osers,Wall_Street,,,,,,,,,,,,,,
a16zj2jd,Wall_Street,,,SOM,,,,,,,1.a_Wall_Street_singlegame_full_3CHAN_SOM_BEOGYM_EXPERT_3CHAN_ALLUNIONWALL_STANDARD_0.9_triplet_32_32_0.0001_1.pt_PolicyNotLoaded_0.0_20000_2000_1.0_notemp/24_01_20_20_39_25,1.a_Wall_Street_singlegame_full_3CHAN_SOM_BEOGYM_EXPERT_3CHAN_ALLUNIONWALL_STANDARD_0.9_triplet_32_32_0.0001_1.pt_PolicyNotLoaded_0.0_20000_2000_1.0_notemp/24_01_20_23_14_00,1.a_Wall_Street_singlegame_full_3CHAN_SOM_BEOGYM_EXPERT_3CHAN_ALLUNIONWALL_STANDARD_0.9_triplet_32_32_0.0001_1.pt_PolicyNotLoaded_0.0_20000_2000_1.0_notemp/24_01_21_01_48_20,,
7rmxm04z,Wall_Street,,,,,,,,,,,,,,
ojj8cyj6,Wall_Street,,,,,,,,,,,,,,
m10yet81,Wall_Street,,,,,,,,,,,,,,
r7y32sq0,Wall_Street,,,,,,,,,,,,,,
rnyiwekx,Wall_Street,AllUnionHudsonWall,,VEP,,,,,,,1.a_Wall_Street_singlegame_full_3CHAN_NVEP_BEOGYM_EXPERT_3CHAN_ALLUNIONHUDSONWALL_STANDARD_2.0_-1.0_2.0_same_32_0_0.0001_0.25.pt_PolicyNotLoaded_0.0_20000_2000_notemp/24_01_01_12_36_35,1.a_Wall_Street_singlegame_full_3CHAN_NVEP_BEOGYM_EXPERT_3CHAN_ALLUNIONHUDSONWALL_STANDARD_2.0_-1.0_2.0_same_32_0_0.0001_0.25.pt_PolicyNotLoaded_0.0_20000_2000_notemp/24_01_01_15_02_44,1.a_Wall_Street_singlegame_full_3CHAN_NVEP_BEOGYM_EXPERT_3CHAN_ALLUNIONHUDSONWALL_STANDARD_2.0_-1.0_2.0_same_32_0_0.0001_0.25.pt_PolicyNotLoaded_0.0_20000_2000_notemp/24_01_01_17_29_25,,
p43jbix2,Wall_Street,,,,,,,,,,,,,,
geq04q10,Wall_Street,,,TCN,,,,,,,1.a_Wall_Street_singlegame_full_3CHAN_TCN_BEOGYM_EXPERT_3CHAN_ALLUNIONHUDSONWALL_STANDARD_2.0_triplet_32_0_0.0001_1.pt_PolicyNotLoaded_0.0_20000_2000_1.0_notemp/24_01_19_17_33_27,1.a_Wall_Street_singlegame_full_3CHAN_TCN_BEOGYM_EXPERT_3CHAN_ALLUNIONHUDSONWALL_STANDARD_2.0_triplet_32_0_0.0001_1.pt_PolicyNotLoaded_0.0_20000_2000_1.0_notemp/24_01_19_14_55_28,1.a_Wall_Street_singlegame_full_3CHAN_TCN_BEOGYM_EXPERT_3CHAN_ALLUNIONHUDSONWALL_STANDARD_2.0_triplet_32_0_0.0001_1.pt_PolicyNotLoaded_0.0_20000_2000_1.0_notemp/24_01_19_12_17_10,,
62h3x53m,Wall_Street,,,,,,,,,,,,,,
iho726x4,Wall_Street,,,VIP,,,,,,,1.a_Wall_Street_singlegame_full_3CHAN_VIP_BEOGYM_EXPERT_3CHAN_ALLUNIONHUDSONWALL_STANDARD_50.0_15.0_triplet_32_0_0.0001_1.pt_PolicyNotLoaded_0.0_20000_2000_1.0_notemp/24_01_22_02_30_43,1.a_Wall_Street_singlegame_full_3CHAN_VIP_BEOGYM_EXPERT_3CHAN_ALLUNIONHUDSONWALL_STANDARD_50.0_15.0_triplet_32_0_0.0001_1.pt_PolicyNotLoaded_0.0_20000_2000_1.0_notemp/24_01_22_05_02_49,1.a_Wall_Street_singlegame_full_3CHAN_VIP_BEOGYM_EXPERT_3CHAN_ALLUNIONHUDSONWALL_STANDARD_50.0_15.0_triplet_32_0_0.0001_1.pt_PolicyNotLoaded_0.0_20000_2000_1.0_notemp/24_01_22_07_33_27,,
1l0xyi9z,Wall_Street,,,,,,,,,,,,,,
ng4mo13b,Wall_Street,,,SOM,,,,,,,1.a_Wall_Street_singlegame_full_3CHAN_SOM_BEOGYM_EXPERT_3CHAN_ALLUNIONHUDSONWALL_STANDARD_0.9_triplet_32_32_0.0001_1.pt_PolicyNotLoaded_0.0_20000_2000_1.0_notemp/24_01_21_16_14_49,1.a_Wall_Street_singlegame_full_3CHAN_SOM_BEOGYM_EXPERT_3CHAN_ALLUNIONHUDSONWALL_STANDARD_0.9_triplet_32_32_0.0001_1.pt_PolicyNotLoaded_0.0_20000_2000_1.0_notemp/24_01_21_18_50_57,1.a_Wall_Street_singlegame_full_3CHAN_SOM_BEOGYM_EXPERT_3CHAN_ALLUNIONHUDSONWALL_STANDARD_0.9_triplet_32_32_0.0001_1.pt_PolicyNotLoaded_0.0_20000_2000_1.0_notemp/24_01_21_21_26_15,,
918fqqf2,Wall_Street,,,,,,,,,,,,,,
slb1grxt,Wall_Street,,,,,,,,,,,,,,
95tkd3f4,Wall_Street,AllUnionHudsonWallCMU,,VEP,,,,,,0.25,1.a_Wall_Street_singlegame_full_3CHAN_NVEP_BEOGYM_EXPERT_3CHAN_ALLUNIONHUDSONWALLCMU_STANDARD_2.0_-1.0_2.0_same_32_0_0.0001_0.25.pt_PolicyNotLoaded_0.0_20000_2000_notemp/24_01_03_03_13_47,1.a_Wall_Street_singlegame_full_3CHAN_NVEP_BEOGYM_EXPERT_3CHAN_ALLUNIONHUDSONWALLCMU_STANDARD_2.0_-1.0_2.0_same_32_0_0.0001_0.25.pt_PolicyNotLoaded_0.0_20000_2000_notemp/24_01_03_05_51_16,1.a_Wall_Street_singlegame_full_3CHAN_NVEP_BEOGYM_EXPERT_3CHAN_ALLUNIONHUDSONWALLCMU_STANDARD_2.0_-1.0_2.0_same_32_0_0.0001_0.25.pt_PolicyNotLoaded_0.0_20000_2000_notemp/24_01_03_08_28_55,,
r2d5bnv9,Wall_Street,,,VEP,,,,,,1,1.a_Wall_Street_singlegame_full_3CHAN_NVEP_BEOGYM_EXPERT_3CHAN_ALLUNIONHUDSONWALLCMU_STANDARD_2.0_-1.0_2.0_same_32_0_0.0001_1.0.pt_PolicyNotLoaded_0.0_20000_2000_notemp/24_01_03_13_13_06,1.a_Wall_Street_singlegame_full_3CHAN_NVEP_BEOGYM_EXPERT_3CHAN_ALLUNIONHUDSONWALLCMU_STANDARD_2.0_-1.0_2.0_same_32_0_0.0001_1.0.pt_PolicyNotLoaded_0.0_20000_2000_notemp/24_01_03_15_43_53,1.a_Wall_Street_singlegame_full_3CHAN_NVEP_BEOGYM_EXPERT_3CHAN_ALLUNIONHUDSONWALLCMU_STANDARD_2.0_-1.0_2.0_same_32_0_0.0001_1.0.pt_PolicyNotLoaded_0.0_20000_2000_notemp/24_01_03_18_17_59,,
rjurks29,Wall_Street,,,TCN,,,,,,,1.a_Wall_Street_singlegame_full_3CHAN_TCN_BEOGYM_EXPERT_3CHAN_ALLUNIONHUDSONWALLCMU_STANDARD_2.0_triplet_32_0_0.0001_1.pt_PolicyNotLoaded_0.0_20000_2000_1.0_notemp/24_01_22_14_35_09,1.a_Wall_Street_singlegame_full_3CHAN_TCN_BEOGYM_EXPERT_3CHAN_ALLUNIONHUDSONWALLCMU_STANDARD_2.0_triplet_32_0_0.0001_1.pt_PolicyNotLoaded_0.0_20000_2000_1.0_notemp/24_01_22_17_13_56,1.a_Wall_Street_singlegame_full_3CHAN_TCN_BEOGYM_EXPERT_3CHAN_ALLUNIONHUDSONWALLCMU_STANDARD_2.0_triplet_32_0_0.0001_1.pt_PolicyNotLoaded_0.0_20000_2000_1.0_notemp/24_01_22_19_51_30,,
brt2qopq,Wall_Street,,,,,,,,,,,,,,
qhdy3xn0,Wall_Street,,,VIP,,,,,,,1.a_Wall_Street_singlegame_full_3CHAN_VIP_BEOGYM_EXPERT_3CHAN_ALLUNIONHUDSONWALLCMU_STANDARD_50.0_15.0_triplet_32_0_0.0001_1.pt_PolicyNotLoaded_0.0_20000_2000_1.0_notemp/24_01_23_09_59_30,1.a_Wall_Street_singlegame_full_3CHAN_VIP_BEOGYM_EXPERT_3CHAN_ALLUNIONHUDSONWALLCMU_STANDARD_50.0_15.0_triplet_32_0_0.0001_1.pt_PolicyNotLoaded_0.0_20000_2000_1.0_notemp/24_01_23_13_08_41,1.a_Wall_Street_singlegame_full_3CHAN_VIP_BEOGYM_EXPERT_3CHAN_ALLUNIONHUDSONWALLCMU_STANDARD_50.0_15.0_triplet_32_0_0.0001_1.pt_PolicyNotLoaded_0.0_20000_2000_1.0_notemp/24_01_23_16_18_07,,
nf8qa8x8,Wall_Street,,,,,,,,,,,,,,
ncla72d6,Wall_Street,,,SOM,,,,,,,**,**,**,,
nlovqxi7,,,,,,,,,,,,,,,
9psavbt7,,,,,,,,,,,,,,,
jvkysmml,Hudson_River,,1CHAN,E2E,,,,,,,1.a_Hudson_River_singlegame_full_e2e_PolicyNotLoaded_0.0_20000_2000_notemp/23_11_14_22_48_56,1.a_Hudson_River_singlegame_full_e2e_PolicyNotLoaded_0.0_20000_2000_notemp/23_11_14_19_37_55,1.a_Hudson_River_singlegame_full_e2e_PolicyNotLoaded_0.0_20000_2000_notemp/23_11_14_15_58_18,,
chmzq71a,Hudson_River,,4STACK,,,,,,,,,,,,
8ho8qpnh,Hudson_River,,1CHAN,Random,,,,,,,1.a_Hudson_River_singlegame_full_random_PolicyNotLoaded_0.0_20000_2000_notemp/23_11_15_16_23_10,1.a_Hudson_River_singlegame_full_random_PolicyNotLoaded_0.0_20000_2000_notemp/23_11_15_16_33_04,??,,
8vfm5ffo,Hudson_River,,4STACK,,,,,,,,,,,,
95mh3ncn,Hudson_River,UnionWall,,VEP,Triplet,##,,,,,1.a_Hudson_River_singlegame_full_3CHAN_NVEP_BEOGYM_EXPERT_3CHAN_UNIONWALL_STANDARD_1.0_-1.0_1.0_same_32_0_0.0001_0.pt_PolicyNotLoaded_0.0_20000_2000_notemp/23_11_15_23_43_26,1.a_Hudson_River_singlegame_full_3CHAN_NVEP_BEOGYM_EXPERT_3CHAN_UNIONWALL_STANDARD_1.0_-1.0_1.0_same_32_0_0.0001_0.pt_PolicyNotLoaded_0.0_20000_2000_notemp/23_11_15_16_27_52,??,,
z77thxag,Hudson_River,,,,InfoMAX,,,,,,,,,,
whc53c9u,Hudson_River,,,,NCE,,,,,,,,,,
f9g6e5t9,Hudson_River,,,,,,,,,,,,,,
qlxog0ls,Hudson_River,,,TCN,,2,,,,,1.a_Hudson_River_singlegame_full_3CHAN_TCN_BEOGYM_EXPERT_3CHAN_UNIONWALL_STANDARD_2.0_32_0_0.0001_0.pt_PolicyNotLoaded_0.0_20000_2000_notemp/23_11_17_15_17_56,1.a_Hudson_River_singlegame_full_3CHAN_TCN_BEOGYM_EXPERT_3CHAN_UNIONWALL_STANDARD_2.0_32_0_0.0001_0.pt_PolicyNotLoaded_0.0_20000_2000_1.0_notemp/24_01_26_05_37_47,??,,
fyxyej92,Hudson_River,,,,,,,,,,,,,,
1ezs2i3f,Hudson_River,,,,,,,,,,,,,,
zhg8nxdg,Hudson_River,,,VIP,,,,,,,1.a_Hudson_River_singlegame_full_3CHAN_VIP_BEOGYM_EXPERT_3CHAN_UNIONWALL_STANDARD_50.0_15.0_32_0_0.0001_0.pt_PolicyNotLoaded_0.0_20000_2000_notemp/23_11_17_09_22_37,1.a_Hudson_River_singlegame_full_3CHAN_VIP_BEOGYM_EXPERT_3CHAN_UNIONWALL_STANDARD_50.0_15.0_32_0_0.0001_0.pt_PolicyNotLoaded_0.0_20000_2000_notemp/23_11_17_09_22_08,??,2nd one not 20M,
ht4cbvgo,Hudson_River,,,,,,,,,,,,,,
eemvzwu7,Hudson_River,,,,,,,,,,,,,,
l34rip3l,Hudson_River,,,SOM,,0.9,,,,,1.a_Hudson_River_singlegame_full_3CHAN_SOM_BEOGYM_EXPERT_3CHAN_UNIONWALL_STANDARD_0.9_32_32_0.0001_0.pt_PolicyNotLoaded_0.0_20000_2000_notemp/23_11_17_14_44_46,1.a_Hudson_River_singlegame_full_3CHAN_SOM_BEOGYM_EXPERT_3CHAN_UNIONWALL_STANDARD_0.9_32_32_0.0001_0.pt_PolicyNotLoaded_0.0_20000_2000_notemp/23_11_17_18_38_22,1.a_Hudson_River_singlegame_full_3CHAN_SOM_BEOGYM_EXPERT_3CHAN_UNIONWALL_STANDARD_0.9_32_32_0.0001_0.pt_PolicyNotLoaded_0.0_20000_2000_notemp/23_11_17_21_21_04,,
ugli30j3,Hudson_River,,,,,,,,,,,,,,
v9c39gej,Hudson_River,,,VAE,,,,,,,,,,,
ccxdfso2,Hudson_River,,,,,,,,,,,,,,
czd3l1rr,Hudson_River,AllUnionWall,,VEP,Triplet,,,,,,1.a_Hudson_River_singlegame_full_3CHAN_NVEP_BEOGYM_EXPERT_3CHAN_ALLUNIONWALL_STANDARD_1.0_-1.0_1.0_same_32_0_0.0001_0.pt_PolicyNotLoaded_0.0_20000_2000_notemp/23_12_19_20_28_00,1.a_Hudson_River_singlegame_full_3CHAN_NVEP_BEOGYM_EXPERT_3CHAN_ALLUNIONWALL_STANDARD_1.0_-1.0_1.0_same_32_0_0.0001_0.pt_PolicyNotLoaded_0.0_20000_2000_notemp/23_12_20_01_55_11,##,,
sd5znx3n,Hudson_River,,,,,,,,,,,,,,
4n25z76l,Hudson_River,,,TCN,,,,,,,1.a_Hudson_River_singlegame_full_3CHAN_TCN_BEOGYM_EXPERT_3CHAN_ALLUNIONWALL_STANDARD_2.0_triplet_32_0_0.0001_1.pt_PolicyNotLoaded_0.0_20000_2000_1.0_notemp/24_01_20_07_05_21,1.a_Hudson_River_singlegame_full_3CHAN_TCN_BEOGYM_EXPERT_3CHAN_ALLUNIONWALL_STANDARD_2.0_triplet_32_0_0.0001_1.pt_PolicyNotLoaded_0.0_20000_2000_1.0_notemp/24_01_20_10_18_30,??,,
y7xc9neg,Hudson_River,,,,,,,,,,,,,,
x4lhhsf7,Hudson_River,,,,,,,,,,,,,,
wxanipbm,Hudson_River,,,VIP,,,,,,,1.a_Hudson_River_singlegame_full_3CHAN_VIP_BEOGYM_EXPERT_3CHAN_ALLUNIONWALL_STANDARD_50.0_15.0_triplet_32_0_0.0001_1.pt_PolicyNotLoaded_0.0_20000_2000_1.0_notemp/24_01_20_09_50_54,1.a_Hudson_River_singlegame_full_3CHAN_VIP_BEOGYM_EXPERT_3CHAN_ALLUNIONWALL_STANDARD_50.0_15.0_triplet_32_0_0.0001_1.pt_PolicyNotLoaded_0.0_20000_2000_1.0_notemp/24_01_20_12_59_32,1.a_Hudson_River_singlegame_full_3CHAN_VIP_BEOGYM_EXPERT_3CHAN_ALLUNIONWALL_STANDARD_50.0_15.0_triplet_32_0_0.0001_1.pt_PolicyNotLoaded_0.0_20000_2000_1.0_notemp/24_01_20_16_07_34,,
dmyfgn7f,Hudson_River,,,,,,,,,,,,,,
6uqyqdzp,Hudson_River,,,,,,,,,,,,,,
p9kezk4n,Hudson_River,,,SOM,,0.9,,,,,1.a_Hudson_River_singlegame_full_3CHAN_SOM_BEOGYM_EXPERT_3CHAN_ALLUNIONWALL_STANDARD_0.9_triplet_32_32_0.0001_1.pt_PolicyNotLoaded_0.0_20000_2000_1.0_notemp/24_01_20_20_39_43,1.a_Hudson_River_singlegame_full_3CHAN_SOM_BEOGYM_EXPERT_3CHAN_ALLUNIONWALL_STANDARD_0.9_triplet_32_32_0.0001_1.pt_PolicyNotLoaded_0.0_20000_2000_1.0_notemp/24_01_21_00_04_42,1.a_Hudson_River_singlegame_full_3CHAN_SOM_BEOGYM_EXPERT_3CHAN_ALLUNIONWALL_STANDARD_0.9_triplet_32_32_0.0001_1.pt_PolicyNotLoaded_0.0_20000_2000_1.0_notemp/24_01_21_03_29_07,,
t1ewtozt,Hudson_River,,,,,,,,,,,,,,
jupk0ffs,Hudson_River,,,VAE,,,,,,,,,,,
ranlsa5h,Hudson_River,,,,,,,,,,,,,,
vlnpgosn,Hudson_River,,,,,,,,,,,,,,
2qut8got,Hudson_River,AllUnionHudsonWall,,VEP,Triplet,2,,,,,1.a_Hudson_River_singlegame_full_3CHAN_NVEP_BEOGYM_EXPERT_3CHAN_ALLUNIONHUDSONWALL_STANDARD_2.0_-1.0_2.0_same_32_0_0.0001_0.25.pt_PolicyNotLoaded_0.0_20000_2000_notemp/24_01_01_12_37_05,1.a_Hudson_River_singlegame_full_3CHAN_NVEP_BEOGYM_EXPERT_3CHAN_ALLUNIONHUDSONWALL_STANDARD_2.0_-1.0_2.0_same_32_0_0.0001_0.25.pt_PolicyNotLoaded_0.0_20000_2000_notemp/24_01_01_16_07_51,##,,
u59u9gg0,Hudson_River,,,,,,,,,,,,,,
jdqjblrk,Hudson_River,,,,,,,,,,,,,,
t2gsexqk,Hudson_River,,,,,,,,,,,,,,
2ie2ojy9,Hudson_River,,,TCN,,,,,,,1.a_Hudson_River_singlegame_full_3CHAN_TCN_BEOGYM_EXPERT_3CHAN_ALLUNIONHUDSONWALL_STANDARD_2.0_triplet_32_0_0.0001_1.pt_PolicyNotLoaded_0.0_20000_2000_1.0_notemp/24_01_19_12_18_05,1.a_Hudson_River_singlegame_full_3CHAN_TCN_BEOGYM_EXPERT_3CHAN_ALLUNIONHUDSONWALL_STANDARD_2.0_triplet_32_0_0.0001_1.pt_PolicyNotLoaded_0.0_20000_2000_1.0_notemp/24_01_19_15_24_01,1.a_Hudson_River_singlegame_full_3CHAN_TCN_BEOGYM_EXPERT_3CHAN_ALLUNIONHUDSONWALL_STANDARD_2.0_triplet_32_0_0.0001_1.pt_PolicyNotLoaded_0.0_20000_2000_1.0_notemp/24_01_19_18_24_41,,
20xnznba,Hudson_River,,,,,,,,,,,,,,
4jbkpefg,Hudson_River,,,,,,,,,,,,,,
jwlepd0b,Hudson_River,,,VIP,,,,,,,1.a_Hudson_River_singlegame_full_3CHAN_VIP_BEOGYM_EXPERT_3CHAN_ALLUNIONHUDSONWALL_STANDARD_50.0_15.0_triplet_32_0_0.0001_1.pt_PolicyNotLoaded_0.0_20000_2000_1.0_notemp/24_01_22_02_30_52,1.a_Hudson_River_singlegame_full_3CHAN_VIP_BEOGYM_EXPERT_3CHAN_ALLUNIONHUDSONWALL_STANDARD_50.0_15.0_triplet_32_0_0.0001_1.pt_PolicyNotLoaded_0.0_20000_2000_1.0_notemp/24_01_22_04_56_12,1.a_Hudson_River_singlegame_full_3CHAN_VIP_BEOGYM_EXPERT_3CHAN_ALLUNIONHUDSONWALL_STANDARD_50.0_15.0_triplet_32_0_0.0001_1.pt_PolicyNotLoaded_0.0_20000_2000_1.0_notemp/24_01_22_07_21_54,,
ms66ttyc,Hudson_River,,,,,,,,,,,,,,
t7gyn4xc,Hudson_River,,,,,,,,,,,,,,
sw0lsjra,Hudson_River,,,SOM,,,,,,,1.a_Hudson_River_singlegame_full_3CHAN_SOM_BEOGYM_EXPERT_3CHAN_ALLUNIONHUDSONWALL_STANDARD_0.9_triplet_32_32_0.0001_1.pt_PolicyNotLoaded_0.0_20000_2000_1.0_notemp/24_01_21_16_14_27,1.a_Hudson_River_singlegame_full_3CHAN_SOM_BEOGYM_EXPERT_3CHAN_ALLUNIONHUDSONWALL_STANDARD_0.9_triplet_32_32_0.0001_1.pt_PolicyNotLoaded_0.0_20000_2000_1.0_notemp/24_01_21_19_36_50,1.a_Hudson_River_singlegame_full_3CHAN_SOM_BEOGYM_EXPERT_3CHAN_ALLUNIONHUDSONWALL_STANDARD_0.9_triplet_32_32_0.0001_1.pt_PolicyNotLoaded_0.0_20000_2000_1.0_notemp/24_01_21_23_00_24,,
gyc4opnz,Hudson_River,,,,,,,,,,,,,,
0lxqwd6f,Hudson_River,,,,,,,,,,,,,,
9ll5po80,Hudson_River,,,,,,,,,,,,,,
ynn4r1pw,Hudson_River,,,,,,,,,,,,,,
5pmu4upc,Hudson_River,,,,,,,,,,,,,,
yuwa4ler,Hudson_River,AllUnionHudsonWallCMU,,VEP,,,,,,,1.a_Hudson_River_singlegame_full_3CHAN_NVEP_BEOGYM_EXPERT_3CHAN_ALLUNIONHUDSONWALLCMU_STANDARD_2.0_-1.0_2.0_same_32_0_0.0001_0.25.pt_PolicyNotLoaded_0.0_20000_2000_notemp/24_01_03_09_49_17,1.a_Hudson_River_singlegame_full_3CHAN_NVEP_BEOGYM_EXPERT_3CHAN_ALLUNIONHUDSONWALLCMU_STANDARD_2.0_-1.0_2.0_same_32_0_0.0001_0.25.pt_PolicyNotLoaded_0.0_20000_2000_notemp/24_01_03_06_27_11,1.a_Hudson_River_singlegame_full_3CHAN_NVEP_BEOGYM_EXPERT_3CHAN_ALLUNIONHUDSONWALLCMU_STANDARD_2.0_-1.0_2.0_same_32_0_0.0001_0.25.pt_PolicyNotLoaded_0.0_20000_2000_notemp/24_01_03_03_16_56,,
w1twehlp,Hudson_River,,,,,,,,,,,,,,
yzhxat8t,Hudson_River,,,,,,,,,,,,,,
13edpxlp,Hudson_River,,,,,,,,,,,,,,
8eearoek,Hudson_River,,,TCN,,,,,,,1.a_Hudson_River_singlegame_full_3CHAN_TCN_BEOGYM_EXPERT_3CHAN_ALLUNIONHUDSONWALLCMU_STANDARD_2.0_triplet_32_0_0.0001_1.pt_PolicyNotLoaded_0.0_20000_2000_1.0_notemp/24_01_23_05_24_37,1.a_Hudson_River_singlegame_full_3CHAN_TCN_BEOGYM_EXPERT_3CHAN_ALLUNIONHUDSONWALLCMU_STANDARD_2.0_triplet_32_0_0.0001_1.pt_PolicyNotLoaded_0.0_20000_2000_1.0_notemp/24_01_22_21_46_35,1.a_Hudson_River_singlegame_full_3CHAN_TCN_BEOGYM_EXPERT_3CHAN_ALLUNIONHUDSONWALLCMU_STANDARD_2.0_triplet_32_0_0.0001_1.pt_PolicyNotLoaded_0.0_20000_2000_1.0_notemp/24_01_22_14_34_13,,
4fvjzd44,Hudson_River,,,,,,,,,,,,,,
5vpcz4ud,Hudson_River,,,,,,,,,,,,,,
ato2llv7,Hudson_River,,,VIP,,,,,,,1.a_Hudson_River_singlegame_full_3CHAN_VIP_BEOGYM_EXPERT_3CHAN_ALLUNIONHUDSONWALLCMU_STANDARD_50.0_15.0_triplet_32_0_0.0001_1.pt_PolicyNotLoaded_0.0_20000_2000_1.0_notemp/24_01_23_09_58_03,1.a_Hudson_River_singlegame_full_3CHAN_VIP_BEOGYM_EXPERT_3CHAN_ALLUNIONHUDSONWALLCMU_STANDARD_50.0_15.0_triplet_32_0_0.0001_1.pt_PolicyNotLoaded_0.0_20000_2000_1.0_notemp/24_01_23_13_11_28,1.a_Hudson_River_singlegame_full_3CHAN_VIP_BEOGYM_EXPERT_3CHAN_ALLUNIONHUDSONWALLCMU_STANDARD_50.0_15.0_triplet_32_0_0.0001_1.pt_PolicyNotLoaded_0.0_20000_2000_1.0_notemp/24_01_23_16_39_44,,
asnsrqag,Hudson_River,,,,,,,,,,,,,,
3pwghipx,Hudson_River,,,,,,,,,,,,,,
i1a6b7wk,Hudson_River,,,SOM,,,,,,,**,**,**,,
zgf92icl,Hudson_River,,,,,,,,,,,,,,
kf50sor8,Hudson_River,,,,,,,,,,,,,,
qohm3jo2,,,,,,,,,,,,,,,
3otq9njg,,,,,,,,,,,,,,,
vz01v2re,CMU,,1CHAN,E2E,,,,,,,1.a_CMU_singlegame_full_e2e_PolicyNotLoaded_0.0_20000_2000_notemp/23_11_20_11_54_55,1.a_CMU_singlegame_full_e2e_PolicyNotLoaded_0.0_20000_2000_notemp/23_11_20_18_17_08,1.a_CMU_singlegame_full_e2e_PolicyNotLoaded_0.0_20000_2000_notemp/23_11_21_00_41_59,,
aptlybv9,CMU,,,Random,,,,,,,1.a_CMU_singlegame_full_random_PolicyNotLoaded_0.0_20000_2000_notemp/23_11_20_15_44_31,1.a_CMU_singlegame_full_random_PolicyNotLoaded_0.0_20000_2000_notemp/23_11_20_21_28_10,1.a_CMU_singlegame_full_random_PolicyNotLoaded_0.0_20000_2000_notemp/23_11_21_04_04_07,,
cvpsa4pn,CMU,,,,,,,,,,,,,,
krwp743g,CMU,UnionWall,1CHAN,VEP,,2,-1,2,,,1.a_CMU_singlegame_full_3CHAN_NVEP_BEOGYM_EXPERT_3CHAN_UNIONWALL_STANDARD_2.0_-1.0_2.0_same_32_0_0.0001_0.pt_PolicyNotLoaded_0.0_20000_2000_notemp/23_11_19_21_58_45,1.a_CMU_singlegame_full_3CHAN_NVEP_BEOGYM_EXPERT_3CHAN_UNIONWALL_STANDARD_2.0_-1.0_2.0_same_32_0_0.0001_0.pt_PolicyNotLoaded_0.0_20000_2000_notemp/23_11_19_21_59_23,1.a_CMU_singlegame_full_3CHAN_NVEP_BEOGYM_EXPERT_3CHAN_UNIONWALL_STANDARD_2.0_-1.0_2.0_same_32_0_0.0001_0.pt_PolicyNotLoaded_0.0_20000_2000_notemp/23_11_20_00_51_39,,
1hwu6av2,CMU,,,,,,,,,,,,,,
8qbsly4f,CMU,,,TCN,,2,,,,,1.a_CMU_singlegame_full_3CHAN_TCN_BEOGYM_EXPERT_3CHAN_UNIONWALL_STANDARD_2.0_32_0_0.0001_0.pt_PolicyNotLoaded_0.0_20000_2000_notemp/23_11_20_11_51_41,1.a_CMU_singlegame_full_3CHAN_TCN_BEOGYM_EXPERT_3CHAN_UNIONWALL_STANDARD_2.0_32_0_0.0001_0.pt_PolicyNotLoaded_0.0_20000_2000_notemp/23_11_20_15_12_40,1.a_CMU_singlegame_full_3CHAN_TCN_BEOGYM_EXPERT_3CHAN_UNIONWALL_STANDARD_2.0_32_0_0.0001_0.pt_PolicyNotLoaded_0.0_20000_2000_notemp/23_11_20_19_55_06,,
yfxb1b4w,CMU,,,,,,,,,,,,,,
l3nhl105,CMU,,,SOM,,,,,,,1.a_CMU_singlegame_full_3CHAN_SOM_BEOGYM_EXPERT_3CHAN_UNIONWALL_STANDARD_0.9_32_32_0.0001_0.pt_PolicyNotLoaded_0.0_20000_2000_notemp/23_11_21_00_45_47,1.a_CMU_singlegame_full_3CHAN_SOM_BEOGYM_EXPERT_3CHAN_UNIONWALL_STANDARD_0.9_32_32_0.0001_0.pt_PolicyNotLoaded_0.0_20000_2000_notemp/23_11_20_17_51_37,1.a_CMU_singlegame_full_3CHAN_SOM_BEOGYM_EXPERT_3CHAN_UNIONWALL_STANDARD_0.9_32_32_0.0001_0.pt_PolicyNotLoaded_0.0_20000_2000_notemp/23_11_20_11_00_12,,
nhmnprv3,CMU,,,,,,,,,,,,,,
yqmr5joj,CMU,,,VIP,,50,15,,,,1.a_CMU_singlegame_full_3CHAN_VIP_BEOGYM_EXPERT_3CHAN_UNIONWALL_STANDARD_50.0_15.0_32_0_0.0001_0.pt_PolicyNotLoaded_0.0_20000_2000_notemp/23_11_20_11_50_44,1.a_CMU_singlegame_full_3CHAN_VIP_BEOGYM_EXPERT_3CHAN_UNIONWALL_STANDARD_50.0_15.0_32_0_0.0001_0.pt_PolicyNotLoaded_0.0_20000_2000_notemp/23_11_20_14_12_28,1.a_CMU_singlegame_full_3CHAN_VIP_BEOGYM_EXPERT_3CHAN_UNIONWALL_STANDARD_50.0_15.0_32_0_0.0001_0.pt_PolicyNotLoaded_0.0_20000_2000_notemp/23_11_20_16_34_35,,
f5jrtmcg,CMU,,,,,,,,,,,,,,
7h8mjonj,CMU,,,,,,,,,,,,,,
4i54sysn,CMU,,,,,,,,,,,,,,
9h8j6vxg,CMU,AllUnionWall,,VEP,,4,-1,4,,,1.a_CMU_singlegame_full_3CHAN_NVEP_BEOGYM_EXPERT_3CHAN_ALLUNIONWALL_STANDARD_4.0_-1.0_4.0_same_32_0_0.0001_0.pt_PolicyNotLoaded_0.0_20000_2000_notemp/23_12_19_22_07_06,1.a_CMU_singlegame_full_3CHAN_NVEP_BEOGYM_EXPERT_3CHAN_ALLUNIONWALL_STANDARD_4.0_-1.0_4.0_same_32_0_0.0001_0.pt_PolicyNotLoaded_0.0_20000_2000_notemp/23_12_20_06_19_26,1.a_CMU_singlegame_full_3CHAN_NVEP_BEOGYM_EXPERT_3CHAN_ALLUNIONWALL_STANDARD_4.0_-1.0_4.0_same_32_0_0.0001_0.pt_PolicyNotLoaded_0.0_20000_2000_notemp/23_12_23_14_39_56,,
yyh2yhl9,CMU,,,,,,,,,,,,,,
cncv46rw,CMU,,,TCN,,2,,,,,1.a_CMU_singlegame_full_3CHAN_TCN_BEOGYM_EXPERT_3CHAN_ALLUNIONWALL_STANDARD_2.0_triplet_32_0_0.0001_1.pt_PolicyNotLoaded_0.0_20000_2000_1.0_notemp/24_01_20_07_06_04,1.a_CMU_singlegame_full_3CHAN_TCN_BEOGYM_EXPERT_3CHAN_ALLUNIONWALL_STANDARD_2.0_triplet_32_0_0.0001_1.pt_PolicyNotLoaded_0.0_20000_2000_1.0_notemp/24_01_20_10_02_56,1.a_CMU_singlegame_full_3CHAN_TCN_BEOGYM_EXPERT_3CHAN_ALLUNIONWALL_STANDARD_2.0_triplet_32_0_0.0001_1.pt_PolicyNotLoaded_0.0_20000_2000_1.0_notemp/24_01_20_12_58_38,,
a7zg4hxu,CMU,,,,,,,,,,,,,,
nmu1nww1,CMU,,,SOM,,0.9,,,,,1.a_CMU_singlegame_full_3CHAN_SOM_BEOGYM_EXPERT_3CHAN_ALLUNIONWALL_STANDARD_0.9_triplet_32_32_0.0001_1.pt_PolicyNotLoaded_0.0_20000_2000_1.0_notemp/24_01_20_20_40_30,1.a_CMU_singlegame_full_3CHAN_SOM_BEOGYM_EXPERT_3CHAN_ALLUNIONWALL_STANDARD_0.9_triplet_32_32_0.0001_1.pt_PolicyNotLoaded_0.0_20000_2000_1.0_notemp/24_01_21_04_27_56,1.a_CMU_singlegame_full_3CHAN_SOM_BEOGYM_EXPERT_3CHAN_ALLUNIONWALL_STANDARD_0.9_triplet_32_32_0.0001_1.pt_PolicyNotLoaded_0.0_20000_2000_1.0_notemp/24_01_21_12_12_45,,
bsp1h3zk,CMU,,,,,,,,,,,,,,
zle6nzqf,CMU,,,VIP,,,,,,,??,**,**,,
p6ezmvri,CMU,,,,,,,,,,,,,,
nl2n1x1v,CMU,,,,,,,,,,,,,,
jngjf363,CMU,AllUnionHudsonWall,,VEP,,2,-1,2,,0.25,1.a_CMU_singlegame_full_3CHAN_NVEP_BEOGYM_EXPERT_3CHAN_ALLUNIONHUDSONWALL_STANDARD_2.0_-1.0_2.0_same_32_0_0.0001_0.25.pt_PolicyNotLoaded_0.0_20000_2000_notemp/24_01_01_12_34_39,1.a_CMU_singlegame_full_3CHAN_NVEP_BEOGYM_EXPERT_3CHAN_ALLUNIONHUDSONWALL_STANDARD_2.0_-1.0_2.0_same_32_0_0.0001_0.25.pt_PolicyNotLoaded_0.0_20000_2000_notemp/24_01_01_15_31_14,1.a_CMU_singlegame_full_3CHAN_NVEP_BEOGYM_EXPERT_3CHAN_ALLUNIONHUDSONWALL_STANDARD_2.0_-1.0_2.0_same_32_0_0.0001_0.25.pt_PolicyNotLoaded_0.0_20000_2000_notemp/24_01_01_18_27_40,,
nwflnf9g,CMU,,,,,,,,,,,,,,
s6mhjdgz,CMU,,,TCN,,,,,,,**,**,??,,
ohriozbk,CMU,,,,,,,,,,,,,,
ca88vt9j,CMU,,,SOM,,,,,,,**,**,??,,
1g1d354z,CMU,,,,,,,,,,,,,,
bhwyfyo4,CMU,,,VIP,,,,,,,**,**,??,,
yb7xvfah,CMU,,,,,,,,,,,,,,
nristgec,CMU,AllUnionHudsonWallCMU,,VEP,,,,,,,1.a_CMU_singlegame_full_3CHAN_NVEP_BEOGYM_EXPERT_3CHAN_ALLUNIONHUDSONWALLCMU_STANDARD_2.0_-1.0_2.0_same_32_0_0.0001_0.5.pt_PolicyNotLoaded_0.0_20000_2000_notemp/24_01_02_00_33_11,1.a_CMU_singlegame_full_3CHAN_NVEP_BEOGYM_EXPERT_3CHAN_ALLUNIONHUDSONWALLCMU_STANDARD_2.0_-1.0_2.0_same_32_0_0.0001_0.5.pt_PolicyNotLoaded_0.0_20000_2000_notemp/24_01_02_03_25_32,1.a_CMU_singlegame_full_3CHAN_NVEP_BEOGYM_EXPERT_3CHAN_ALLUNIONHUDSONWALLCMU_STANDARD_2.0_-1.0_2.0_same_32_0_0.0001_0.5.pt_PolicyNotLoaded_0.0_20000_2000_notemp/24_01_02_06_13_28,,
ma4yb6fb,CMU,,,,,,,,,,,,,,
ejnndgm4,CMU,,,TCN,,,,,,,1.a_CMU_singlegame_full_3CHAN_TCN_BEOGYM_EXPERT_3CHAN_ALLUNIONHUDSONWALLCMU_STANDARD_2.0_triplet_32_0_0.0001_1.pt_PolicyNotLoaded_0.0_20000_2000_1.0_notemp/24_01_22_23_59_14,1.a_CMU_singlegame_full_3CHAN_TCN_BEOGYM_EXPERT_3CHAN_ALLUNIONHUDSONWALLCMU_STANDARD_2.0_triplet_32_0_0.0001_1.pt_PolicyNotLoaded_0.0_20000_2000_1.0_notemp/24_01_22_20_51_32,1.a_CMU_singlegame_full_3CHAN_TCN_BEOGYM_EXPERT_3CHAN_ALLUNIONHUDSONWALLCMU_STANDARD_2.0_triplet_32_0_0.0001_1.pt_PolicyNotLoaded_0.0_20000_2000_1.0_notemp/24_01_22_15_23_23,,
g6hsiy22,CMU,,,,,,,,,,,,,,
h5nhjafs,CMU,,,,,,,,,,,,,,
qef56bv7,CMU,,,,,,,,,,,,,,
aztrthlf,CMU,,,,,,,,,,,,,,
fekpx081,CMU,,,VIP,,,,,,,1.a_CMU_singlegame_full_3CHAN_VIP_BEOGYM_EXPERT_3CHAN_ALLUNIONHUDSONWALLCMU_STANDARD_50.0_15.0_triplet_32_0_0.0001_1.pt_PolicyNotLoaded_0.0_20000_2000_1.0_notemp/24_01_23_09_57_24,1.a_CMU_singlegame_full_3CHAN_VIP_BEOGYM_EXPERT_3CHAN_ALLUNIONHUDSONWALLCMU_STANDARD_50.0_15.0_triplet_32_0_0.0001_1.pt_PolicyNotLoaded_0.0_20000_2000_1.0_notemp/24_01_23_12_21_38,1.a_CMU_singlegame_full_3CHAN_VIP_BEOGYM_EXPERT_3CHAN_ALLUNIONHUDSONWALLCMU_STANDARD_50.0_15.0_triplet_32_0_0.0001_1.pt_PolicyNotLoaded_0.0_20000_2000_1.0_notemp/24_01_23_14_45_19,,
4ky4ayoh,CMU,,,,,,,,,,,,,,
fvrw4yrt,CMU,,,,,,,,,,,,,,
6bi913v8,CMU,,,,,,,,,,,,,,
di6jljbs,CMU,,,SOM,,,,,,,**,**,**,,
l6qrrsod,CMU,,,,,,,,,,,,,,
m2tgpbcg,,,,,,,,,,,,,,,
rueih5d1,,,,,,,,,,,,,,,
29iuiacr,Allegheny,,,E2E,,,,,,,.a_Allegheny_singlegame_full_e2e_PolicyNotLoaded_0.0_20000_2000_notemp/23_11_29_00_48_41,1.a_Allegheny_singlegame_full_e2e_PolicyNotLoaded_0.0_20000_2000_notemp/23_11_29_09_12_15,,,
qxsccyry,Allegheny,,,,,,,,,,,,,,
hbb9n4uj,Allegheny,,,Random,,,,,,,1.a_Allegheny_singlegame_full_random_PolicyNotLoaded_0.0_20000_2000_notemp/23_11_29_06_39_54,1.a_Allegheny_singlegame_full_random_PolicyNotLoaded_0.0_20000_2000_1.0_notemp/24_01_16_01_10_30,1.a_Allegheny_singlegame_full_random_PolicyNotLoaded_0.0_20000_2000_1.0_notemp/24_01_16_03_37_24,,
z1f9vfyt,Allegheny,,,VEP,,,,,,,1.a_Allegheny_singlegame_full_3CHAN_NVEP_BEOGYM_EXPERT_3CHAN_UNIONWALL_STANDARD_2.0_-1.0_2.0_same_32_0_0.0001_0.pt_PolicyNotLoaded_0.0_20000_2000_notemp/23_11_29_00_46_37,1.a_Allegheny_singlegame_full_3CHAN_NVEP_BEOGYM_EXPERT_3CHAN_UNIONWALL_STANDARD_2.0_-1.0_2.0_same_32_0_0.0001_0.pt_PolicyNotLoaded_0.0_20000_2000_notemp/23_11_29_03_38_58,1.a_Allegheny_singlegame_full_3CHAN_NVEP_BEOGYM_EXPERT_3CHAN_UNIONWALL_STANDARD_1.0_-1.0_1.0_same_32_0_0.0001_0.pt_PolicyNotLoaded_0.0_20000_2000_1.0_4stack/24_01_18_20_26_18,,
wpxvg3e0,Allegheny,,,TCN,,,,,,,1.a_Allegheny_singlegame_full_3CHAN_TCN_BEOGYM_EXPERT_3CHAN_UNIONWALL_STANDARD_2.0_32_0_0.0001_0.pt_PolicyNotLoaded_0.0_20000_2000_1.0_notemp/24_01_17_21_48_41,1.a_Allegheny_singlegame_full_3CHAN_TCN_BEOGYM_EXPERT_3CHAN_UNIONWALL_STANDARD_2.0_32_0_0.0001_0.pt_PolicyNotLoaded_0.0_20000_2000_1.0_notemp/24_01_17_17_06_23,1.a_Allegheny_singlegame_full_3CHAN_TCN_BEOGYM_EXPERT_3CHAN_UNIONWALL_STANDARD_2.0_32_0_0.0001_0.pt_PolicyNotLoaded_0.0_20000_2000_1.0_notemp/24_01_17_19_24_39,,
yxqmn2zx,Allegheny,,,SOM,,,,,,,1.a_Allegheny_singlegame_full_3CHAN_SOM_BEOGYM_EXPERT_3CHAN_UNIONWALL_STANDARD_0.9_32_32_0.0001_0.pt_PolicyNotLoaded_0.0_20000_2000_1.0_notemp/24_01_16_06_05_01,1.a_Allegheny_singlegame_full_3CHAN_SOM_BEOGYM_EXPERT_3CHAN_UNIONWALL_STANDARD_0.9_32_32_0.0001_0.pt_PolicyNotLoaded_0.0_20000_2000_1.0_notemp/24_01_16_08_30_54,1.a_Allegheny_singlegame_full_3CHAN_SOM_BEOGYM_EXPERT_3CHAN_UNIONWALL_STANDARD_0.1_32_0_0.0001_0.pt_PolicyNotLoaded_0.0_20000_2000_1.0_notemp/24_01_16_08_53_32,,
gyssmg5y,Allegheny,,,VIP,,,,,,,1.a_Allegheny_singlegame_full_3CHAN_VIP_BEOGYM_EXPERT_3CHAN_UNIONWALL_STANDARD_50.0_15.0_32_0_0.0001_0.pt_PolicyNotLoaded_0.0_20000_2000_1.0_notemp/24_01_18_02_15_42,1.a_Allegheny_singlegame_full_3CHAN_VIP_BEOGYM_EXPERT_3CHAN_UNIONWALL_STANDARD_50.0_15.0_32_0_0.0001_0.pt_PolicyNotLoaded_0.0_20000_2000_1.0_notemp/24_01_18_05_25_11,1.a_Allegheny_singlegame_full_3CHAN_VIP_BEOGYM_EXPERT_3CHAN_UNIONWALL_STANDARD_50.0_15.0_32_0_0.0001_0.pt_PolicyNotLoaded_0.0_20000_2000_1.0_notemp/24_01_18_08_34_25,,
dm9dd9st,,,,,,,,,,,,,,,
tr2tfhn2,,,,,,,,,,,,,,,
zo97gre4,South_Shore,,1CHAN,E2E,,,,,,,1.a_South_Shore_singlegame_full_e2e_PolicyNotLoaded_0.0_20000_2000_notemp/23_11_29_00_52_04,1.a_South_Shore_singlegame_full_e2e_PolicyNotLoaded_0.0_20000_2000_notemp/23_11_29_09_19_59,**,,
rusg0vxd,South_Shore,,4STACK,,,,,,,,,,,,
dzfcpud4,South_Shore,,1CHAN,Random,,,,,,,1.a_South_Shore_singlegame_full_random_PolicyNotLoaded_0.0_20000_2000_notemp/23_11_29_00_53_29,1.a_South_Shore_singlegame_full_random_PolicyNotLoaded_0.0_20000_2000_notemp/23_11_29_07_04_09,**,,
xubd1g60,South_Shore,,4STACK,,,,,,,,,,,,
4d0gdp3t,South_Shore,UnionWall,,VEP,Triplet,2,-1,2,,,1.a_South_Shore_singlegame_full_3CHAN_NVEP_BEOGYM_EXPERT_3CHAN_UNIONWALL_STANDARD_2.0_-1.0_2.0_same_32_0_0.0001_0.pt_PolicyNotLoaded_0.0_20000_2000_notemp/23_11_29_00_57_01,1.a_South_Shore_singlegame_full_3CHAN_NVEP_BEOGYM_EXPERT_3CHAN_UNIONWALL_STANDARD_2.0_-1.0_2.0_same_32_0_0.0001_0.pt_PolicyNotLoaded_0.0_20000_2000_notemp/23_11_29_05_16_15,??,,
64yz2565,South_Shore,,,,InfoMAX,,,,,,,,,,
g30tjgf9,South_Shore,,,,NCE,,,,,,,,,,
eh05boem,South_Shore,,,,,,,,,,,,,,
vpsi36zy,South_Shore,,,TCN,,2,,,,,1.a_South_Shore_singlegame_full_3CHAN_TCN_BEOGYM_EXPERT_3CHAN_UNIONWALL_STANDARD_2.0_32_0_0.0001_0.pt_PolicyNotLoaded_0.0_20000_2000_1.0_notemp/24_01_18_04_36_59,1.a_South_Shore_singlegame_full_3CHAN_TCN_BEOGYM_EXPERT_3CHAN_UNIONWALL_STANDARD_2.0_32_0_0.0001_0.pt_PolicyNotLoaded_0.0_20000_2000_1.0_notemp/24_01_16_17_42_21,1.a_South_Shore_singlegame_full_3CHAN_TCN_BEOGYM_EXPERT_3CHAN_UNIONWALL_STANDARD_2.0_32_0_0.0001_0.pt_PolicyNotLoaded_0.0_20000_2000_notemp/24_01_08_00_04_05,,
f2xmr4c5,South_Shore,,,,,,,,,,,,,,
3f67xh99,South_Shore,,,,,,,,,,,,,,
d088i7e3,South_Shore,,,VIP,,,,,,,1.a_South_Shore_singlegame_full_3CHAN_VIP_BEOGYM_EXPERT_3CHAN_UNIONWALL_STANDARD_50.0_15.0_32_0_0.0001_0.pt_PolicyNotLoaded_0.0_20000_2000_notemp/23_12_08_14_43_07,1.a_South_Shore_singlegame_full_3CHAN_VIP_BEOGYM_EXPERT_3CHAN_UNIONWALL_STANDARD_50.0_15.0_32_0_0.0001_0.pt_PolicyNotLoaded_0.0_20000_2000_1.0_notemp/24_01_18_02_18_19,??,,
rsud6uxr,South_Shore,,,,,,,,,,,,,,
c880rww6,South_Shore,,,,,,,,,,,,,,
zpl4z5re,South_Shore,,,SOM,,0.9,,,,,1.a_South_Shore_singlegame_full_3CHAN_SOM_BEOGYM_EXPERT_3CHAN_UNIONWALL_STANDARD_0.9_32_32_0.0001_0.pt_PolicyNotLoaded_0.0_20000_2000_1.0_notemp/24_01_16_12_43_08,1.a_South_Shore_singlegame_full_3CHAN_SOM_BEOGYM_EXPERT_3CHAN_UNIONWALL_STANDARD_0.9_32_32_0.0001_0.pt_PolicyNotLoaded_0.0_20000_2000_1.0_notemp/24_01_16_15_13_19,1.a_South_Shore_singlegame_full_3CHAN_SOM_BEOGYM_EXPERT_3CHAN_UNIONWALL_STANDARD_0.9_32_32_0.0001_0.pt_PolicyNotLoaded_0.0_20000_2000_1.0_notemp/24_01_18_06_54_19,,
7kxoue2n,South_Shore,,,,,,,,,,,,,,
ynyviqz7,South_Shore,,,VAE,,,,,,,,,,,
0x5edq00,South_Shore,,,,,,,,,,,,,,
qjy97pqz,South_Shore,AllUnionWall,,VEP,Triplet,2,-1,2,,1,1.a_South_Shore_singlegame_full_3CHAN_NVEP_BEOGYM_EXPERT_3CHAN_ALLUNIONWALL_STANDARD_2.0_-1.0_2.0_same_32_0_0.0001_0.pt_PolicyNotLoaded_0.0_20000_2000_notemp/23_12_18_12_11_42,1.a_South_Shore_singlegame_full_3CHAN_NVEP_BEOGYM_EXPERT_3CHAN_ALLUNIONWALL_STANDARD_2.0_-1.0_2.0_same_32_0_0.0001_0.pt_PolicyNotLoaded_0.0_20000_2000_notemp/23_12_18_15_25_22,1.a_South_Shore_singlegame_full_3CHAN_NVEP_BEOGYM_EXPERT_3CHAN_ALLUNIONWALL_STANDARD_2.0_-1.0_2.0_same_32_0_0.0001_0.pt_PolicyNotLoaded_0.0_20000_2000_notemp/23_12_18_18_40_16,,
kd5qr1km,South_Shore,,,,,1,-1,1,,1,1.a_South_Shore_singlegame_full_3CHAN_NVEP_BEOGYM_EXPERT_3CHAN_ALLUNIONWALL_STANDARD_1.0_-1.0_1.0_same_32_0_0.0001_0.pt_PolicyNotLoaded_0.0_20000_2000_notemp/23_12_19_20_31_45,1.a_South_Shore_singlegame_full_3CHAN_NVEP_BEOGYM_EXPERT_3CHAN_ALLUNIONWALL_STANDARD_1.0_-1.0_1.0_same_32_0_0.0001_0.pt_PolicyNotLoaded_0.0_20000_2000_notemp/23_12_19_23_08_22,1.a_South_Shore_singlegame_full_3CHAN_NVEP_BEOGYM_EXPERT_3CHAN_ALLUNIONWALL_STANDARD_1.0_-1.0_1.0_same_32_0_0.0001_0.pt_PolicyNotLoaded_0.0_20000_2000_notemp/23_12_20_01_36_38,,
ix5wkfzl,South_Shore,,,TCN,,2,,,,,1.a_South_Shore_singlegame_full_3CHAN_TCN_BEOGYM_EXPERT_3CHAN_ALLUNIONWALL_STANDARD_2.0_triplet_32_0_0.0001_1.pt_PolicyNotLoaded_0.0_20000_2000_1.0_notemp/24_01_20_07_09_11,1.a_South_Shore_singlegame_full_3CHAN_TCN_BEOGYM_EXPERT_3CHAN_ALLUNIONWALL_STANDARD_2.0_triplet_32_0_0.0001_1.pt_PolicyNotLoaded_0.0_20000_2000_1.0_notemp/24_01_20_10_28_41,1.a_South_Shore_singlegame_full_3CHAN_TCN_BEOGYM_EXPERT_3CHAN_ALLUNIONWALL_STANDARD_2.0_triplet_32_0_0.0001_1.pt_PolicyNotLoaded_0.0_20000_2000_1.0_notemp/24_01_20_12_58_15,,
nze2bbey,South_Shore,,,,,,,,,,,,,,
o7halcdc,South_Shore,,,,,,,,,,,,,,
ur742x94,South_Shore,,,VIP,,,,,,,**,**,??,,
ndf6otn1,South_Shore,,,,,,,,,,,,,,
074qz08j,South_Shore,,,,,,,,,,,,,,
i1jh2wcx,South_Shore,,,SOM,,0.9,,,,,1.a_South_Shore_singlegame_full_3CHAN_SOM_BEOGYM_EXPERT_3CHAN_ALLUNIONWALL_STANDARD_0.9_triplet_32_32_0.0001_1.pt_PolicyNotLoaded_0.0_20000_2000_1.0_notemp/24_01_20_22_41_30,1.a_South_Shore_singlegame_full_3CHAN_SOM_BEOGYM_EXPERT_3CHAN_ALLUNIONWALL_STANDARD_0.9_triplet_32_32_0.0001_1.pt_PolicyNotLoaded_0.0_20000_2000_1.0_notemp/24_01_20_23_09_46,1.a_South_Shore_singlegame_full_3CHAN_SOM_BEOGYM_EXPERT_3CHAN_ALLUNIONWALL_STANDARD_0.9_triplet_32_32_0.0001_1.pt_PolicyNotLoaded_0.0_20000_2000_1.0_notemp/24_01_21_01_37_15,,
yqrndmwl,South_Shore,,,,,,,,,,,,,,
2whiue5o,South_Shore,,,,,,,,,,,,,,
10y33lkk,South_Shore,,,,,,,,,,,,,,
jzulrvqh,South_Shore,,,,,,,,,,,,,,
z2c4s4ru,South_Shore,AllUnionHudsonWall,,VEP,Triplet,2,-1,2,,0.25,1.a_South_Shore_singlegame_full_3CHAN_NVEP_BEOGYM_EXPERT_3CHAN_ALLUNIONHUDSONWALL_STANDARD_2.0_-1.0_2.0_same_32_0_0.0001_0.25.pt_PolicyNotLoaded_0.0_20000_2000_notemp/24_01_01_12_34_16,1.a_South_Shore_singlegame_full_3CHAN_NVEP_BEOGYM_EXPERT_3CHAN_ALLUNIONHUDSONWALL_STANDARD_2.0_-1.0_2.0_same_32_0_0.0001_0.25.pt_PolicyNotLoaded_0.0_20000_2000_notemp/24_01_01_19_04_58,1.a_South_Shore_singlegame_full_3CHAN_NVEP_BEOGYM_EXPERT_3CHAN_ALLUNIONHUDSONWALL_STANDARD_2.0_-1.0_2.0_same_32_0_0.0001_0.25.pt_PolicyNotLoaded_0.0_20000_2000_notemp/24_01_02_01_31_11,,
uvs4pgg3,South_Shore,,,,,1,-1,1,,1,1.a_South_Shore_singlegame_full_3CHAN_NVEP_BEOGYM_EXPERT_3CHAN_ALLUNIONHUDSONWALL_STANDARD_2.0_-1.0_2.0_same_32_0_0.0001_1_2.0.pt_PolicyNotLoaded_0.0_20000_2000_notemp/23_12_31_22_51_45,1.a_South_Shore_singlegame_full_3CHAN_NVEP_BEOGYM_EXPERT_3CHAN_ALLUNIONHUDSONWALL_STANDARD_2.0_-1.0_2.0_same_32_0_0.0001_1_2.0.pt_PolicyNotLoaded_0.0_20000_2000_notemp/24_01_01_01_19_45,1.a_South_Shore_singlegame_full_3CHAN_NVEP_BEOGYM_EXPERT_3CHAN_ALLUNIONHUDSONWALL_STANDARD_2.0_-1.0_2.0_same_32_0_0.0001_1_2.0.pt_PolicyNotLoaded_0.0_20000_2000_notemp/24_01_01_03_48_47,,
zy40i43g,South_Shore,,,,,,,,,,,,,,
g1ifjqv5,South_Shore,,,,,,,,,,,,,,
ccq9og9w,South_Shore,,,TCN,,,,,,,1.a_South_Shore_singlegame_full_3CHAN_TCN_BEOGYM_EXPERT_3CHAN_ALLUNIONHUDSONWALL_STANDARD_2.0_triplet_32_0_0.0001_1.pt_PolicyNotLoaded_0.0_20000_2000_1.0_notemp/24_01_19_01_09_36,1.a_South_Shore_singlegame_full_3CHAN_TCN_BEOGYM_EXPERT_3CHAN_ALLUNIONHUDSONWALL_STANDARD_2.0_triplet_32_0_0.0001_1.pt_PolicyNotLoaded_0.0_20000_2000_1.0_notemp/24_01_19_04_21_52,1.a_South_Shore_singlegame_full_3CHAN_TCN_BEOGYM_EXPERT_3CHAN_ALLUNIONHUDSONWALL_STANDARD_2.0_triplet_32_0_0.0001_1.pt_PolicyNotLoaded_0.0_20000_2000_1.0_notemp/24_01_19_07_34_18,,
pbivoiqk,South_Shore,,,,,,,,,,,,,,
ebkpmlaa,South_Shore,,,,,,,,,,,,,,
iykdg432,South_Shore,,,VIP,,,,,,,1.a_South_Shore_singlegame_full_3CHAN_VIP_BEOGYM_EXPERT_3CHAN_ALLUNIONHUDSONWALL_STANDARD_50.0_15.0_triplet_32_0_0.0001_1.pt_PolicyNotLoaded_0.0_20000_2000_1.0_notemp/24_01_22_02_55_05,1.a_South_Shore_singlegame_full_3CHAN_VIP_BEOGYM_EXPERT_3CHAN_ALLUNIONHUDSONWALL_STANDARD_50.0_15.0_triplet_32_0_0.0001_1.pt_PolicyNotLoaded_0.0_20000_2000_1.0_notemp/24_01_22_06_05_47,1.a_South_Shore_singlegame_full_3CHAN_VIP_BEOGYM_EXPERT_3CHAN_ALLUNIONHUDSONWALL_STANDARD_50.0_15.0_triplet_32_0_0.0001_1.pt_PolicyNotLoaded_0.0_20000_2000_1.0_notemp/24_01_22_09_16_18,,
ptrzl9oa,South_Shore,,,,,,,,,,,,,,
utyl4xev,South_Shore,,,,,,,,,,,,,,
bpcvw0bm,South_Shore,,,SOM,,,,,,,1.a_South_Shore_singlegame_full_3CHAN_SOM_BEOGYM_EXPERT_3CHAN_ALLUNIONHUDSONWALL_STANDARD_0.9_triplet_32_32_0.0001_1.pt_PolicyNotLoaded_0.0_20000_2000_1.0_notemp/24_01_21_16_15_04,1.a_South_Shore_singlegame_full_3CHAN_SOM_BEOGYM_EXPERT_3CHAN_ALLUNIONHUDSONWALL_STANDARD_0.9_triplet_32_32_0.0001_1.pt_PolicyNotLoaded_0.0_20000_2000_1.0_notemp/24_01_21_18_45_45,1.a_South_Shore_singlegame_full_3CHAN_SOM_BEOGYM_EXPERT_3CHAN_ALLUNIONHUDSONWALL_STANDARD_0.9_triplet_32_32_0.0001_1.pt_PolicyNotLoaded_0.0_20000_2000_1.0_notemp/24_01_21_21_15_51,,
v0t80ccn,South_Shore,,,,,,,,,,,,,,
4d85dfk2,South_Shore,,,,,,,,,,,,,,
7k7zjnud,South_Shore,,,,,,,,,,,,,,
5nfr93da,South_Shore,,,,,,,,,,,,,,
0x2gmvn4,South_Shore,,,,,,,,,,,,,,
7cn7z7y5,South_Shore,AllUnionHudsonWallCMU,,VEP,,2,-1,2,,0.25,1.a_South_Shore_singlegame_full_3CHAN_NVEP_BEOGYM_EXPERT_3CHAN_ALLUNIONHUDSONWALLCMU_STANDARD_2.0_-1.0_2.0_same_32_0_0.0001_0.25.pt_PolicyNotLoaded_0.0_20000_2000_notemp/24_01_03_03_17_26,1.a_South_Shore_singlegame_full_3CHAN_NVEP_BEOGYM_EXPERT_3CHAN_ALLUNIONHUDSONWALLCMU_STANDARD_2.0_-1.0_2.0_same_32_0_0.0001_0.25.pt_PolicyNotLoaded_0.0_20000_2000_notemp/24_01_03_05_33_50,1.a_South_Shore_singlegame_full_3CHAN_NVEP_BEOGYM_EXPERT_3CHAN_ALLUNIONHUDSONWALLCMU_STANDARD_2.0_-1.0_2.0_same_32_0_0.0001_0.25.pt_PolicyNotLoaded_0.0_20000_2000_notemp/24_01_03_07_52_02,,
0satci0x,South_Shore,,,,,2,-1,2,,0.5,1.a_South_Shore_singlegame_full_3CHAN_NVEP_BEOGYM_EXPERT_3CHAN_ALLUNIONHUDSONWALLCMU_STANDARD_2.0_-1.0_2.0_same_32_0_0.0001_0.5.pt_PolicyNotLoaded_0.0_20000_2000_notemp/24_01_02_00_34_54,1.a_South_Shore_singlegame_full_3CHAN_NVEP_BEOGYM_EXPERT_3CHAN_ALLUNIONHUDSONWALLCMU_STANDARD_2.0_-1.0_2.0_same_32_0_0.0001_0.5.pt_PolicyNotLoaded_0.0_20000_2000_notemp/24_01_02_03_03_46,1.a_South_Shore_singlegame_full_3CHAN_NVEP_BEOGYM_EXPERT_3CHAN_ALLUNIONHUDSONWALLCMU_STANDARD_2.0_-1.0_2.0_same_32_0_0.0001_0.5.pt_PolicyNotLoaded_0.0_20000_2000_notemp/24_01_02_05_33_02,,
uiiac3w2,South_Shore,,,,,,,,,,,,,,
0yhxctq5,,,,,,,,,,,,,,,
l279atu1,,,,TCN,,2,,,,,1.a_South_Shore_singlegame_full_3CHAN_TCN_BEOGYM_EXPERT_3CHAN_ALLUNIONHUDSONWALLCMU_STANDARD_2.0_triplet_32_0_0.0001_1.pt_PolicyNotLoaded_0.0_20000_2000_1.0_notemp/24_01_22_14_31_44,1.a_South_Shore_singlegame_full_3CHAN_TCN_BEOGYM_EXPERT_3CHAN_ALLUNIONHUDSONWALLCMU_STANDARD_2.0_triplet_32_0_0.0001_1.pt_PolicyNotLoaded_0.0_20000_2000_1.0_notemp/24_01_22_17_04_36,1.a_South_Shore_singlegame_full_3CHAN_TCN_BEOGYM_EXPERT_3CHAN_ALLUNIONHUDSONWALLCMU_STANDARD_2.0_triplet_32_0_0.0001_1.pt_PolicyNotLoaded_0.0_20000_2000_1.0_notemp/24_01_22_19_36_38,,
lx92d5ju,,,,,,,,,,,,,,,
khbdj6m9,,,,,,,,,,,,,,,
dondvt1v,,,,VIP,,50,15,,,,1.a_South_Shore_singlegame_full_3CHAN_VIP_BEOGYM_EXPERT_3CHAN_ALLUNIONHUDSONWALLCMU_STANDARD_50.0_15.0_triplet_32_0_0.0001_1.pt_PolicyNotLoaded_0.0_20000_2000_1.0_notemp/24_01_23_09_56_56,1.a_South_Shore_singlegame_full_3CHAN_VIP_BEOGYM_EXPERT_3CHAN_ALLUNIONHUDSONWALLCMU_STANDARD_50.0_15.0_triplet_32_0_0.0001_1.pt_PolicyNotLoaded_0.0_20000_2000_1.0_notemp/24_01_23_12_41_36,1.a_South_Shore_singlegame_full_3CHAN_VIP_BEOGYM_EXPERT_3CHAN_ALLUNIONHUDSONWALLCMU_STANDARD_50.0_15.0_triplet_32_0_0.0001_1.pt_PolicyNotLoaded_0.0_20000_2000_1.0_notemp/24_01_23_15_20_50,,
cluj19ww,,,,,,,,,,,,,,,
o9qagtbr,,,,,,,,,,,,,,,
tsd70icu,,,,SOM,,,,,,,**,**,**,,
80ywl17h,,,,,,,,,,,,,,,
58j5kyed,,,,,,,,,,,,,,,
x4h1i3q9,,,,,,,,,,,,,,,
7w2g7mt8,,,,,,,,,,,,,,,
0xnl9kmy,,,,,,,,,,,,,,,
sr590sqm,,,,,,,,,,,,,,,
zcuv3nq2,,,,,,,,,,,,,,,
p8eq0j3k,,,,,,,,,,,,,,,
2aa79h7a,,,,,,,,,,,,,,,
g6cs2iir,,,,,,,,,,,,,,,
167epcju,,,,,,,,,,,,,,,
gay6cbpm,,,,,,,,,,,,,,,
upca2mzs,,,,,,,,,,,,,,,
6x0englw,,,,,,,,,,,,,,,
yuc164vx,,,,,,,,,,,,,,,
d1reb2ws,,,,,,,,,,,,,,,
qj7o6qsd,,,,,,,,,,,,,,,
eq00prpj,,,,,,,,,,,,,,,
8e5u4fvf,,,,,,,,,,,,,,,
tj56igsd,,,,,,,,,,,,,,,
s4lqn8dn,,,,,,,,,,,,,,,
q0tjart8,,,,,,,,,,,,,,,
oecq5yvq,,,,,,,,,,,,,,,
jx1no9qr,,,,,,,,,,,,,,,
p2hls6ec,,,,,,,,,,,,,,,
1s521qdp,,,,,,,,,,,,,,,
hbqx3i2p,,,,,,,,,,,,,,,
oj8zj2rd,,,,,,,,,,,,,,,
up99f3cc,,,,,,,,,,,,,,,
njvb7pn8,,,,,,,,,,,,,,,
tz0ljqjr,,,,,,,,,,,,,,,
4s0ymf40,,,,,,,,,,,,,,,
h8npihb8,,,,,,,,,,,,,,,
g7xhda6q,,,,,,,,,,,,,,,
892527h2,,,,,,,,,,,,,,,
2qsfnjef,,,,,,,,,,,,,,,
fxkl0k6m,,,,,,,,,,,,,,,
mhpuf85w,,,,,,,,,,,,,,,
w8eimmlh,,,,,,,,,,,,,,,
6via38qu,,,,,,,,,,,,,,,
dybszwm9,,,,,,,,,,,,,,,
urpi6tce,,,,,,,,,,,,,,,
apqwip5c,,,,,,,,,,,,,,,
a6uuygqq,,,,,,,,,,,,,,,
ivrwck49,,,,,,,,,,,,,,,
oyp52lra,,,,,,,,,,,,,,,
ex8xmpxy,,,,,,,,,,,,,,,
f5yz0n4p,,,,,,,,,,,,,,,
ps17reox,,,,,,,,,,,,,,,
n95ilcul,,,,,,,,,,,,,,,
67g2y2g9,,,,,,,,,,,,,,,
nrf5ga2u,,,,,,,,,,,,,,,
c5bci281,,,,,,,,,,,,,,,
0a3vf77c,,,,,,,,,,,,,,,
b4jmfd1l,,,,,,,,,,,,,,,
w17f0tgo,,,,,,,,,,,,,,,
4jw0i7m8,,,,,,,,,,,,,,,
l6q80o30,,,,,,,,,,,,,,,
42imzkzu,,,,,,,,,,,,,,,
rompfyrg,,,,,,,,,,,,,,,
xk8xpt2s,,,,,,,,,,,,,,,
4q9mep0t,,,,,,,,,,,,,,,
2m6ut8n6,,,,,,,,,,,,,,,
5pgd8exb,,,,,,,,,,,,,,,
li2p3wxx,,,,,,,,,,,,,,,
5f4ni4oh,,,,,,,,,,,,,,,
bat5psec,,,,,,,,,,,,,,,
ybr0qenu,,,,,,,,,,,,,,,
enrxkh27,,,,,,,,,,,,,,,
oxxnak8q,,,,,,,,,,,,,,,
noy9eyub,,,,,,,,,,,,,,,
2go951qe,,,,,,,,,,,,,,,
yw02h4pg,,,,,,,,,,,,,,,
8h3vnywm,,,,,,,,,,,,,,,
z0vyaesf,,,,,,,,,,,,,,,
bo0kir7i,,,,,,,,,,,,,,,
00v1nug2,,,,,,,,,,,,,,,
xvln4ggx,,,,,,,,,,,,,,,
ccj61ohw,,,,,,,,,,,,,,,
xq9xeunv,,,,,,,,,,,,,,,
xlfnww2s,,,,,,,,,,,,,,,
nbsg5a0k,,,,,,,,,,,,,,,
bdmw9wuv,,,,,,,,,,,,,,,
mfgcy2xg,,,,,,,,,,,,,,,
z1k6eydi,,,,,,,,,,,,,,,
2zgs30a4,,,,,,,,,,,,,,,
87lnudej,,,,,,,,,,,,,,,
xwvwwi6q,,,,,,,,,,,,,,,
ed6arnrt,,,,,,,,,,,,,,,
aryn92kh,,,,,,,,,,,,,,,
7c2fmhh5,,,,,,,,,,,,,,,
j9kd3gz1,,,,,,,,,,,,,,,
2yrszgxw,,,,,,,,,,,,,,,
iospgzrd,,,,,,,,,,,,,,,
9xbmz0kp,,,,,,,,,,,,,,,
7qsnj8r6,,,,,,,,,,,,,,,
4k1ppqg8,,,,,,,,,,,,,,,
bjo5wx7g,,,,,,,,,,,,,,,
w8i8v7a5,,,,,,,,,,,,,,,
kjwhqvnf,,,,,,,,,,,,,,,
ix4kpvy7,,,,,,,,,,,,,,,
sv3vu7a9,,,,,,,,,,,,,,,
knwzdc2w,,,,,,,,,,,,,,,
4cgmu7sz,,,,,,,,,,,,,,,
svl3g5pu,,,,,,,,,,,,,,,
b8l9vph0,,,,,,,,,,,,,,,
47euxusr,,,,,,,,,,,,,,,
3ton7n7e,,,,,,,,,,,,,,,
iywhdwn7,,,,,,,,,,,,,,,
ep37o2sd,,,,,,,,,,,,,,,
0r6l36yg,,,,,,,,,,,,,,,
ocjzal8w,,,,,,,,,,,,,,,
i65fo58j,,,,,,,,,,,,,,,
ol3836qw,,,,,,,,,,,,,,,
zmdsw3a8,,,,,,,,,,,,,,,
0qznywwr,,,,,,,,,,,,,,,
s79eqvu9,,,,,,,,,,,,,,,
nc8psvry,,,,,,,,,,,,,,,
sqrdr4ng,,,,,,,,,,,,,,,
epazm63f,,,,,,,,,,,,,,,
j3e2kgdg,,,,,,,,,,,,,,,
7mle3fcy,,,,,,,,,,,,,,,
yxeugrvw,,,,,,,,,,,,,,,
0cf93i8r,,,,,,,,,,,,,,,
1n53cux8,,,,,,,,,,,,,,,
l1su3bdc,,,,,,,,,,,,,,,
kr30aoza,,,,,,,,,,,,,,,
rpjpg2b5,,,,,,,,,,,,,,,
2beubk0h,,,,,,,,,,,,,,,
2qv17bsn,,,,,,,,,,,,,,,
2qqze7sh,,,,,,,,,,,,,,,
o5y1ptx0,,,,,,,,,,,,,,,
kocdkzh0,,,,,,,,,,,,,,,
xf9cpaiv,,,,,,,,,,,,,,,
,,,,,,,,,,,,,,,
,,,,,,,,,,,,,,,
,,,,,,,,,,,,,,,
,,,,,,,,,,,,,,,
,,,,,,,,,,,,,,,
,,,,,,,,,,,,,,,
,,,,,,,,,,,,,,,
,,,,,,,,,,,,,,,
,,,,,,,,,,,,,,,
,,,,,,,,,,,,,,,
,,,,,,,,,,,,,,,
,,,,,,,,,,,,,,,
,,,,,,,,,,,,,,,
,,,,,,,,,,,,,,,
,,,,,,,,,,,,,,,
,,,,,,,,,,,,,,,
,,,,,,,,,,,,,,,
,,,,,,,,,,,,,,,
,,,,,,,,,,,,,,,
,,,,,,,,,,,,,,,
,,,,,,,,,,,,,,,
,,,,,,,,,,,,,,,
,,,,,,,,,,,,,,,
,,,,,,,,,,,,,,,
,,,,,,,,,,,,,,,
,,,,,,,,,,,,,,,
,,,,,,,,,,,,,,,
,,,,,,,,,,,,,,,
,,,,,,,,,,,,,,,
,,,,,,,,,,,,,,,
,,,,,,,,,,,,,,,
,,,,,,,,,,,,,,,
,,,,,,,,,,,,,,,
,,,,,,,,,,,,,,,
,,,,,,,,,,,,,,,
,,,,,,,,,,,,,,,
,,,,,,,,,,,,,,,
,,,,,,,,,,,,,,,
,,,,,,,,,,,,,,,
,,,,,,,,,,,,,,,
,,,,,,,,,,,,,,,
,,,,,,,,,,,,,,,
,,,,,,,,,,,,,,,
bmf9zn8v,,,,,,,,,,,,,,,
sedczst8,,,,,,,,,,,,,,,
2oxwljhn,,,,,,,,,,,,,,,
xegbt3wy,,,,,,,,,,,,,,,
2axei2ug,,,,,,,,,,,,,,,
1vtktwz2,,,,,,,,,,,,,,,
z49inc28,,,,,,,,,,,,,,,
ncb28s7u,,,,,,,,,,,,,,,
mdy9snjq,,,,,,,,,,,,,,,
j2sfsrwa,,,,,,,,,,,,,,,
0hjjndu1,,,,,,,,,,,,,,,
h8xr2r5l,,,,,,,,,,,,,,,
xpwy9olm,,,,,,,,,,,,,,,
xtnk8jc3,,,,,,,,,,,,,,,
23uf1d5r,,,,,,,,,,,,,,,
3u6dwoyy,,,,,,,,,,,,,,,
c2d2mwdt,,,,,,,,,,,,,,,
tumqj4yt,,,,,,,,,,,,,,,
qe8f7ar8,,,,,,,,,,,,,,,
1b8rr4yx,,,,,,,,,,,,,,,
n4s0prae,,,,,,,,,,,,,,,
zjk10n76,,,,,,,,,,,,,,,
qy3qw4o5,,,,,,,,,,,,,,,
,,,,,,,,,,,,,,,
,,,,,,,,,,,,,,,
,,,,,,,,,,,,,,,
ta6ymlsv,,,,,,,,,,,,,,,
bw6y1t7r,,,,,,,,,,,,,,,
i51az285,,,,,,,,,,,,,,,
wi6twyem,,,,,,,,,,,,,,,
a3a5acv5,,,,,,,,,,,,,,,
zrc63nfu,,,,,,,,,,,,,,,
gh4do3wp,,,,,,,,,,,,,,,
zh63d02a,,,,,,,,,,,,,,,
4s3008nc,,,,,,,,,,,,,,,
9uhp9sf5,,,,,,,,,,,,,,,
jlm36gr5,,,,,,,,,,,,,,,
minnmyf7,,,,,,,,,,,,,,,
rwrgk2vk,,,,,,,,,,,,,,,
z64508ad,,,,,,,,,,,,,,,
3j5hhtlf,,,,,,,,,,,,,,,
5cstqbcd,,,,,,,,,,,,,,,
1ik38147,,,,,,,,,,,,,,,
7pxsja7v,,,,,,,,,,,,,,,
cc48jhz2,,,,,,,,,,,,,,,
a2e362a6,,,,,,,,,,,,,,,
94veup9d,,,,,,,,,,,,,,,
csuithkt,,,,,,,,,,,,,,,
25injeys,,,,,,,,,,,,,,,
1o74y17f,,,,,,,,,,,,,,,
gdrr7hjx,,,,,,,,,,,,,,,
x7kn831u,,,,,,,,,,,,,,,
6b8zhh34,,,,,,,,,,,,,,,
xi9amtbh,,,,,,,,,,,,,,,
jxzy0y1u,,,,,,,,,,,,,,,
reohmeuw,,,,,,,,,,,,,,,
ot1lw8se,,,,,,,,,,,,,,,
tdljkjh2,,,,,,,,,,,,,,,
4afe4he9,,,,,,,,,,,,,,,
rqhzch2t,,,,,,,,,,,,,,,
03yhdp87,,,,,,,,,,,,,,,
lkhechn5,,,,,,,,,,,,,,,
iacbqiqr,,,,,,,,,,,,,,,
qqsub0kd,,,,,,,,,,,,,,,
9flcqshf,,,,,,,,,,,,,,,
qngr0pvh,,,,,,,,,,,,,,,
upahnlom,,,,,,,,,,,,,,,
np0snp74,,,,,,,,,,,,,,,
4lk443w6,,,,,,,,,,,,,,,
qd62zxha,,,,,,,,,,,,,,,
b0sapvry,,,,,,,,,,,,,,,
8flgrjip,,,,,,,,,,,,,,,
1to5vvpz,,,,,,,,,,,,,,,
pfb5rhxt,,,,,,,,,,,,,,,
hhz3kfem,,,,,,,,,,,,,,,
oma1v6ja,,,,,,,,,,,,,,,
02dzladn,,,,,,,,,,,,,,,
nnft2ngj,,,,,,,,,,,,,,,
iym52e6o,,,,,,,,,,,,,,,
tr2t30a7,,,,,,,,,,,,,,,
kd6m1f6p,,,,,,,,,,,,,,,
rwwccane,,,,,,,,,,,,,,,
l1x5ic1r,,,,,,,,,,,,,,,
5pmezcyo,,,,,,,,,,,,,,,
g7vhutwd,,,,,,,,,,,,,,,
o4hyffkl,,,,,,,,,,,,,,,
teukd2t0,,,,,,,,,,,,,,,
zds50snv,,,,,,,,,,,,,,,
es9xphoy,,,,,,,,,,,,,,,
zggjml99,,,,,,,,,,,,,,,
p1emlr42,,,,,,,,,,,,,,,
o38vp8kz,,,,,,,,,,,,,,,
v7fubrh0,,,,,,,,,,,,,,,
gs4vclah,,,,,,,,,,,,,,,
ov7ifono,,,,,,,,,,,,,,,
yh9vn4t9,,,,,,,,,,,,,,,
nvaom4jg,,,,,,,,,,,,,,,
z2p8m97y,,,,,,,,,,,,,,,
uk21ny7j,,,,,,,,,,,,,,,
1mltn8uj,,,,,,,,,,,,,,,
uecuimuh,,,,,,,,,,,,,,,
aqkzgpms,,,,,,,,,,,,,,,
8dbt0s83,,,,,,,,,,,,,,,
6le0u396,,,,,,,,,,,,,,,
icgxpz1e,,,,,,,,,,,,,,,
rddtb5cf,,,,,,,,,,,,,,,
yaonrcsq,,,,,,,,,,,,,,,
jr4nroji,,,,,,,,,,,,,,,
jyr66sh8,,,,,,,,,,,,,,,
wd5g048j,,,,,,,,,,,,,,,
4m5ezmv9,,,,,,,,,,,,,,,
qd960ebg,,,,,,,,,,,,,,,
xblw2bmq,,,,,,,,,,,,,,,
hs3orvrh,,,,,,,,,,,,,,,
sn9fjtm3,,,,,,,,,,,,,,,
b33d5u0y,,,,,,,,,,,,,,,
2an9ekzq,,,,,,,,,,,,,,,
qbkxt5i4,,,,,,,,,,,,,,,
65e8fv84,,,,,,,,,,,,,,,
8t6y0u94,,,,,,,,,,,,,,,
8jydrte8,,,,,,,,,,,,,,,
aez9b8yc,,,,,,,,,,,,,,,
baucesc3,,,,,,,,,,,,,,,
hvrvq13x,,,,,,,,,,,,,,,
sos5zx2d,,,,,,,,,,,,,,,
cyu2d3gk,,,,,,,,,,,,,,,
jzt1e64f,,,,,,,,,,,,,,,
szep03z5,,,,,,,,,,,,,,,
0nonao4p,,,,,,,,,,,,,,,
x4kg1nhx,,,,,,,,,,,,,,,
7kteh89g,,,,,,,,,,,,,,,
ir1z2tlr,,,,,,,,,,,,,,,
1lar9dhs,,,,,,,,,,,,,,,
ye9bxh73,,,,,,,,,,,,,,,
figdr7fn,,,,,,,,,,,,,,,
6wyge1w0,,,,,,,,,,,,,,,
udjpe1c4,,,,,,,,,,,,,,,
b7bj6ky4,,,,,,,,,,,,,,,
plkbdex4,,,,,,,,,,,,,,,
gn11qz3r,,,,,,,,,,,,,,,
4gzso2k0,,,,,,,,,,,,,,,
1jj0qvh3,,,,,,,,,,,,,,,
mzxnzoxb,,,,,,,,,,,,,,,
yr7nzgo5,,,,,,,,,,,,,,,
24tciok3,,,,,,,,,,,,,,,
oypjpj65,,,,,,,,,,,,,,,
ujd5np3t,,,,,,,,,,,,,,,
8cmfnkfs,,,,,,,,,,,,,,,
07avm9d4,,,,,,,,,,,,,,,
ly190ayc,,,,,,,,,,,,,,,
54on2ix7,,,,,,,,,,,,,,,
rtb5ukpe,,,,,,,,,,,,,,,
0dl8hexp,,,,,,,,,,,,,,,
1bso96eq,,,,,,,,,,,,,,,
aa4i73c0,,,,,,,,,,,,,,,
7el5z0ih,,,,,,,,,,,,,,,
h6cmqi51,,,,,,,,,,,,,,,
lp5tms4e,,,,,,,,,,,,,,,
633f5f2c,,,,,,,,,,,,,,,
o9m2jao1,,,,,,,,,,,,,,,
cypqzdun,,,,,,,,,,,,,,,
tlakvzm1,,,,,,,,,,,,,,,
m9u4dito,,,,,,,,,,,,,,,
iug5ey0d,,,,,,,,,,,,,,,
o31vcayg,,,,,,,,,,,,,,,
281y3hi0,,,,,,,,,,,,,,,
fu2ji7zz,,,,,,,,,,,,,,,
z7rqqpk0,,,,,,,,,,,,,,,
4gqzefcu,,,,,,,,,,,,,,,
y651eyav,,,,,,,,,,,,,,,
n6lh5yd1,,,,,,,,,,,,,,,
eer6pgz0,,,,,,,,,,,,,,,
3mt8rhmh,,,,,,,,,,,,,,,
g9a8eciq,,,,,,,,,,,,,,,
8u0jduet,,,,,,,,,,,,,,,
istnownr,,,,,,,,,,,,,,,
wxzfc6m3,,,,,,,,,,,,,,,
98yxohmt,,,,,,,,,,,,,,,
jkjag5g5,,,,,,,,,,,,,,,
6jl1gxfw,,,,,,,,,,,,,,,
jl8lr2mq,,,,,,,,,,,,,,,
m5feyfo7,,,,,,,,,,,,,,,
48fv91ad,,,,,,,,,,,,,,,
l11zy24i,,,,,,,,,,,,,,,
trenztki,,,,,,,,,,,,,,,
vbqeknmd,,,,,,,,,,,,,,,
i9idomof,,,,,,,,,,,,,,,
pzvdvrt1,,,,,,,,,,,,,,,
q58o8cg3,,,,,,,,,,,,,,,
ywcqhh2h,,,,,,,,,,,,,,,
6kscdcw6,,,,,,,,,,,,,,,
wi2zg9v1,,,,,,,,,,,,,,,
0jcowd7n,,,,,,,,,,,,,,,
owi1bchi,,,,,,,,,,,,,,,
bapid9k8,,,,,,,,,,,,,,,
447adcio,,,,,,,,,,,,,,,
hu7rjvps,,,,,,,,,,,,,,,
a4xuzl77,,,,,,,,,,,,,,,
vochso6o,,,,,,,,,,,,,,,
a3eppy5u,,,,,,,,,,,,,,,
vzrifvgm,,,,,,,,,,,,,,,
5167phhq,,,,,,,,,,,,,,,
a9ucldc6,,,,,,,,,,,,,,,
v8ri72fu,,,,,,,,,,,,,,,
8p5opy3s,,,,,,,,,,,,,,,
ko5amkyy,,,,,,,,,,,,,,,
kxu4pn6u,,,,,,,,,,,,,,,
pkeo3ksz,,,,,,,,,,,,,,,
qsab4cm8,,,,,,,,,,,,,,,
rbly8kxu,,,,,,,,,,,,,,,
9wxk4xjs,,,,,,,,,,,,,,,
1hyeoroi,,,,,,,,,,,,,,,
3yo3ek39,,,,,,,,,,,,,,,
279qht2v,,,,,,,,,,,,,,,
qnflpgc9,,,,,,,,,,,,,,,
hi4kbg72,,,,,,,,,,,,,,,
sac9y9x5,,,,,,,,,,,,,,,
weaa1ho7,,,,,,,,,,,,,,,
l42flleq,,,,,,,,,,,,,,,
9rs03w2l,,,,,,,,,,,,,,,
i9zg0eq1,,,,,,,,,,,,,,,
9o292oc6,,,,,,,,,,,,,,,
4kiebp24,,,,,,,,,,,,,,,
6iasz9ss,,,,,,,,,,,,,,,
oxxzfhrv,,,,,,,,,,,,,,,
1jrfwvbq,,,,,,,,,,,,,,,
gv6z7muy,,,,,,,,,,,,,,,
5jonxez7,,,,,,,,,,,,,,,
txtq5j8h,,,,,,,,,,,,,,,
uppnu7ru,,,,,,,,,,,,,,,
uv4hr9bl,,,,,,,,,,,,,,,
4efcqdri,,,,,,,,,,,,,,,
t0rgt3zk,,,,,,,,,,,,,,,
7i3aguqj,,,,,,,,,,,,,,,
0r9yj2c8,,,,,,,,,,,,,,,
jhwext9t,,,,,,,,,,,,,,,
oha7d317,,,,,,,,,,,,,,,
zx0udp1w,,,,,,,,,,,,,,,
ewc2f6vf,,,,,,,,,,,,,,,
vougscnt,,,,,,,,,,,,,,,
ogbueqx2,,,,,,,,,,,,,,,
tuzfkehu,,,,,,,,,,,,,,,
6q99acev,,,,,,,,,,,,,,,
9ijtievj,,,,,,,,,,,,,,,
o6n82tud,,,,,,,,,,,,,,,
32ur4jp0,,,,,,,,,,,,,,,
ae32xguj,,,,,,,,,,,,,,,
lo7vsls7,,,,,,,,,,,,,,,
24idui3w,,,,,,,,,,,,,,,
19vdomoe,,,,,,,,,,,,,,,
vm0rq13l,,,,,,,,,,,,,,,
chlcn2rq,,,,,,,,,,,,,,,
0lzqya5i,,,,,,,,,,,,,,,
6lub8cw2,,,,,,,,,,,,,,,
51bagvjn,,,,,,,,,,,,,,,
239ydmzn,,,,,,,,,,,,,,,
hmjzfh3q,,,,,,,,,,,,,,,
j4x7vgwr,,,,,,,,,,,,,,,
kpcndpd9,,,,,,,,,,,,,,,
iwd357qz,,,,,,,,,,,,,,,
cu99our5,,,,,,,,,,,,,,,
6gj6bcqt,,,,,,,,,,,,,,,
2xog6boy,,,,,,,,,,,,,,,
e812t3qe,,,,,,,,,,,,,,,
53buvcg7,,,,,,,,,,,,,,,
qsjubp3m,,,,,,,,,,,,,,,
6lni7l8u,,,,,,,,,,,,,,,
mlepbsdj,,,,,,,,,,,,,,,
bo0kyywr,,,,,,,,,,,,,,,
x84gb02q,,,,,,,,,,,,,,,
u18tldhx,,,,,,,,,,,,,,,
xj5v2mvi,,,,,,,,,,,,,,,
kyv1n4q0,,,,,,,,,,,,,,,
k2qem8hz,,,,,,,,,,,,,,,
a7piisl1,,,,,,,,,,,,,,,
8baf5wxg,,,,,,,,,,,,,,,
oe9cudoy,,,,,,,,,,,,,,,
jf8kkc83,,,,,,,,,,,,,,,
f7c0fqfr,,,,,,,,,,,,,,,
woidme8y,,,,,,,,,,,,,,,
nw5x7d24,,,,,,,,,,,,,,,
fsvc5jom,,,,,,,,,,,,,,,
cb0qkkh0,,,,,,,,,,,,,,,
ozrghm2p,,,,,,,,,,,,,,,
20g6fw1f,,,,,,,,,,,,,,,
cngfyl0t,,,,,,,,,,,,,,,
2tw05ruz,,,,,,,,,,,,,,,
i74lvpyj,,,,,,,,,,,,,,,
qwe6gjyx,,,,,,,,,,,,,,,
2srpvxaa,,,,,,,,,,,,,,,
ffs6frnd,,,,,,,,,,,,,,,
1gcfjic1,,,,,,,,,,,,,,,
ccndyb82,,,,,,,,,,,,,,,
yuywcpx8,,,,,,,,,,,,,,,
298yiy0i,,,,,,,,,,,,,,,
hfxgmy1b,,,,,,,,,,,,,,,
qgp12xco,,,,,,,,,,,,,,,
4dto0xk7,,,,,,,,,,,,,,,
6d0z9v12,,,,,,,,,,,,,,,
b7fn4rav,,,,,,,,,,,,,,,
ajnru6pd,,,,,,,,,,,,,,,
hhckpp9o,,,,,,,,,,,,,,,
os76mtyr,,,,,,,,,,,,,,,
upr8w5vj,,,,,,,,,,,,,,,
h55w5vhl,,,,,,,,,,,,,,,
syikqg39,,,,,,,,,,,,,,,
pi1rmlky,,,,,,,,,,,,,,,
ehptg8nt,,,,,,,,,,,,,,,
0s85xg0r,,,,,,,,,,,,,,,
88z9r0f7,,,,,,,,,,,,,,,
pfmvsbm4,,,,,,,,,,,,,,,
sj2mb2v5,,,,,,,,,,,,,,,
v4eeeyvn,,,,,,,,,,,,,,,
8fy3wwjc,,,,,,,,,,,,,,,
44nfe3jd,,,,,,,,,,,,,,,
srfc3uwh,,,,,,,,,,,,,,,
dzrjtxo8,,,,,,,,,,,,,,,
co6fsvp8,,,,,,,,,,,,,,,
fu2bjbui,,,,,,,,,,,,,,,
c53wszia,,,,,,,,,,,,,,,
6xb5ygvz,,,,,,,,,,,,,,,
4vh5le58,,,,,,,,,,,,,,,
l535v1bk,,,,,,,,,,,,,,,
8tp0s4tu,,,,,,,,,,,,,,,
ps9ys3kp,,,,,,,,,,,,,,,
d26fwcxz,,,,,,,,,,,,,,,
zjj22y92,,,,,,,,,,,,,,,
ybhimjtd,,,,,,,,,,,,,,,
mfhd0j4c,,,,,,,,,,,,,,,
bfax5k6n,,,,,,,,,,,,,,,
c61kit71,,,,,,,,,,,,,,,
zdqjx6xi,,,,,,,,,,,,,,,
i780qhm6,,,,,,,,,,,,,,,
yszbkrjb,,,,,,,,,,,,,,,
lusoda20,,,,,,,,,,,,,,,
r8jqomhi,,,,,,,,,,,,,,,
357gb4l3,,,,,,,,,,,,,,,
vpbxya3f,,,,,,,,,,,,,,,
7p8a9hkh,,,,,,,,,,,,,,,
xuztmgzt,,,,,,,,,,,,,,,
fj94hpu2,,,,,,,,,,,,,,,
zlyziela,,,,,,,,,,,,,,,
acm8mcjw,,,,,,,,,,,,,,,
zw1rk86f,,,,,,,,,,,,,,,
9ftm2jvs,,,,,,,,,,,,,,,
9jvw22n7,,,,,,,,,,,,,,,
zogdw0it,,,,,,,,,,,,,,,
trgog69d,,,,,,,,,,,,,,,
4n8t6ptk,,,,,,,,,,,,,,,
1sfhv3do,,,,,,,,,,,,,,,
liwf5oa9,,,,,,,,,,,,,,,
jagi0wfu,,,,,,,,,,,,,,,
c9vuj3mk,,,,,,,,,,,,,,,
8y7jc6lu,,,,,,,,,,,,,,,
,,,,,,,,,,,,,,,
,,,,,,,,,,,,,,,
,,,,,,,,,,,,,,,
,,,,,,,,,,,,,,,
,,,,,,,,,,,,,,,
,,,,,,,,,,,,,,,
,,,,,,,,,,,,,,,
,,,,,,,,,,,,,,,
,,,,,,,,,,,,,,,
,,,,,,,,,,,,,,,
,,,,,,,,,,,,,,,
,,,,,,,,,,,,,,,
,,,,,,,,,,,,,,,
,,,,,,,,,,,,,,,
,,,,,,,,,,,,,,,
,,,,,,,,,,,,,,,
,,,,,,,,,,,,,,,
,,,,,,,,,,,,,,,
,,,,,,,,,,,,,,,
,,,,,,,,,,,,,,,
,,,,,,,,,,,,,,,
,,,,,,,,,,,,,,,
zwm8z4fy,,,,,,,,,,,,,,,
rxcl24l6,,,,,,,,,,,,,,,
w3mjs3gg,,,,,,,,,,,,,,,
x4zlsfwr,,,,,,,,,,,,,,,
m0i6l1bg,,,,,,,,,,,,,,,
1tinc1et,,,,,,,,,,,,,,,
0h52ghw2,,,,,,,,,,,,,,,
wm4vmeyb,,,,,,,,,,,,,,,
v3gsae14,,,,,,,,,,,,,,,
uqzg3b5d,,,,,,,,,,,,,,,
1zqk21jl,,,,,,,,,,,,,,,
ae2rslld,,,,,,,,,,,,,,,
fwjle98j,,,,,,,,,,,,,,,
likls570,,,,,,,,,,,,,,,
dqntlas4,,,,,,,,,,,,,,,
g9t7ulk7,,,,,,,,,,,,,,,
07dsubdg,,,,,,,,,,,,,,,
b0zwqm48,,,,,,,,,,,,,,,
wk8appkv,,,,,,,,,,,,,,,
h7fk673p,,,,,,,,,,,,,,,
m5kd7ygh,,,,,,,,,,,,,,,
4sndgwfq,,,,,,,,,,,,,,,
kbhbtp4c,,,,,,,,,,,,,,,
g09de8e1,,,,,,,,,,,,,,,
vbhwks9u,,,,,,,,,,,,,,,
7526a0i5,,,,,,,,,,,,,,,
2zd8rvap,,,,,,,,,,,,,,,
v82ne3y3,,,,,,,,,,,,,,,
8a2zjzlm,,,,,,,,,,,,,,,
av8yr7vg,,,,,,,,,,,,,,,
k8ydon2c,,,,,,,,,,,,,,,
2ylz5djn,,,,,,,,,,,,,,,
a9g5cfrz,,,,,,,,,,,,,,,
oftbflxp,,,,,,,,,,,,,,,
fg0zij37,,,,,,,,,,,,,,,
80h52abh,,,,,,,,,,,,,,,
02h670e4,,,,,,,,,,,,,,,
cb2h6ssn,,,,,,,,,,,,,,,
j44y2b07,,,,,,,,,,,,,,,
soxzo4wr,,,,,,,,,,,,,,,
w36w6fy4,,,,,,,,,,,,,,,
pqlsgfym,,,,,,,,,,,,,,,
d4a4rbt9,,,,,,,,,,,,,,,
o5bx7mib,,,,,,,,,,,,,,,
37ojbktp,,,,,,,,,,,,,,,
ygroaocm,,,,,,,,,,,,,,,
09mjd3lx,,,,,,,,,,,,,,,
rhj06372,,,,,,,,,,,,,,,
u5qtptma,,,,,,,,,,,,,,,
lzp9yc8l,,,,,,,,,,,,,,,
ez02p4lk,,,,,,,,,,,,,,,
serf3vkf,,,,,,,,,,,,,,,
8rkb1lv6,,,,,,,,,,,,,,,
8pxazd58,,,,,,,,,,,,,,,
efc72pcs,,,,,,,,,,,,,,,
sew7oy70,,,,,,,,,,,,,,,
vx5f7agc,,,,,,,,,,,,,,,
op0zcvqt,,,,,,,,,,,,,,,
enkgxy03,,,,,,,,,,,,,,,
x48gzs0g,,,,,,,,,,,,,,,
1a3pospw,,,,,,,,,,,,,,,
08gsn8iv,,,,,,,,,,,,,,,
aqapd6pq,,,,,,,,,,,,,,,
o67fjya2,,,,,,,,,,,,,,,
a3lpkyal,,,,,,,,,,,,,,,
o30g68d0,,,,,,,,,,,,,,,
17atrhd9,,,,,,,,,,,,,,,
l9o56djr,,,,,,,,,,,,,,,
rhlin846,,,,,,,,,,,,,,,
bvx7b3m4,,,,,,,,,,,,,,,
1hc6mku7,,,,,,,,,,,,,,,
jq7hqblv,,,,,,,,,,,,,,,
2fsdu3r0,,,,,,,,,,,,,,,
cgeey3od,,,,,,,,,,,,,,,
eng1kj9x,,,,,,,,,,,,,,,
0lccj0qq,,,,,,,,,,,,,,,
br292nap,,,,,,,,,,,,,,,
6rw5xwtw,,,,,,,,,,,,,,,
01t4sysp,,,,,,,,,,,,,,,
42109l5e,,,,,,,,,,,,,,,
t7k5esez,,,,,,,,,,,,,,,
fczmemmc,,,,,,,,,,,,,,,
rm30fntk,,,,,,,,,,,,,,,
sna3dqux,,,,,,,,,,,,,,,
t8p3kmdw,,,,,,,,,,,,,,,
3a75pp6w,,,,,,,,,,,,,,,
ilvpx8ci,,,,,,,,,,,,,,,
9xilr3o4,,,,,,,,,,,,,,,
aedsnlb2,,,,,,,,,,,,,,,
dydd0fwm,,,,,,,,,,,,,,,
anrk0zs7,,,,,,,,,,,,,,,
drla0sv9,,,,,,,,,,,,,,,
q22xy0xm,,,,,,,,,,,,,,,
14uvq9b5,,,,,,,,,,,,,,,
v3pg443v,,,,,,,,,,,,,,,
eaan2wz7,,,,,,,,,,,,,,,
87n9cjnp,,,,,,,,,,,,,,,
k09l2ih3,,,,,,,,,,,,,,,
qae62fbx,,,,,,,,,,,,,,,
fdwig4id,,,,,,,,,,,,,,,
a7xsqdil,,,,,,,,,,,,,,,
ifgqtgbk,,,,,,,,,,,,,,,
56l4kin9,,,,,,,,,,,,,,,
pxahtpuq,,,,,,,,,,,,,,,
3ioa2fdz,,,,,,,,,,,,,,,
0rtqwl7l,,,,,,,,,,,,,,,
ougcumbj,,,,,,,,,,,,,,,
bga96z8l,,,,,,,,,,,,,,,
32yxhyso,,,,,,,,,,,,,,,
6gy9ce2e,,,,,,,,,,,,,,,
u99jim56,,,,,,,,,,,,,,,
dun9er98,,,,,,,,,,,,,,,
izt2m1r0,,,,,,,,,,,,,,,
fqid9jex,,,,,,,,,,,,,,,
iecajl5h,,,,,,,,,,,,,,,
0e9cud3u,,,,,,,,,,,,,,,
f8bya0xw,,,,,,,,,,,,,,,
o6ukdr7u,,,,,,,,,,,,,,,
6dbno5iw,,,,,,,,,,,,,,,
s87y2z6i,,,,,,,,,,,,,,,
70pw712c,,,,,,,,,,,,,,,
gt2yss5o,,,,,,,,,,,,,,,
ji6t3r7y,,,,,,,,,,,,,,,
absr81ap,,,,,,,,,,,,,,,
p6kx2iuy,,,,,,,,,,,,,,,
vmgozq25,,,,,,,,,,,,,,,
mm3tflid,,,,,,,,,,,,,,,
hxu1yhzk,,,,,,,,,,,,,,,
lbn1w9b8,,,,,,,,,,,,,,,
28fmob8y,,,,,,,,,,,,,,,
qeytxvo6,,,,,,,,,,,,,,,
4qa46vol,,,,,,,,,,,,,,,
nrmrvdh4,,,,,,,,,,,,,,,
lnaom7ne,,,,,,,,,,,,,,,
r4t8n03r,,,,,,,,,,,,,,,
6mkp6ph0,,,,,,,,,,,,,,,
rsq51t4q,,,,,,,,,,,,,,,
1w4da9mi,,,,,,,,,,,,,,,
ye2qwc6a,,,,,,,,,,,,,,,
6wwvmvlp,,,,,,,,,,,,,,,
oqwvmcc8,,,,,,,,,,,,,,,
ul6dltr6,,,,,,,,,,,,,,,
gjptshhr,,,,,,,,,,,,,,,
0api7hry,,,,,,,,,,,,,,,
kqfdzx88,,,,,,,,,,,,,,,
znj93jzt,,,,,,,,,,,,,,,
5rpmav95,,,,,,,,,,,,,,,
9lzdxgw9,,,,,,,,,,,,,,,
kswoqd2z,,,,,,,,,,,,,,,
oxpygavp,,,,,,,,,,,,,,,
aiyzdvls,,,,,,,,,,,,,,,
4klmpfeg,,,,,,,,,,,,,,,
x34uy05v,,,,,,,,,,,,,,,
ddn10dqb,,,,,,,,,,,,,,,
4u4iiga8,,,,,,,,,,,,,,,
lqyy2b74,,,,,,,,,,,,,,,
qdex192j,,,,,,,,,,,,,,,
og9z0rg4,,,,,,,,,,,,,,,
e8lnng3g,,,,,,,,,,,,,,,
tq4gocn5,,,,,,,,,,,,,,,
lbxiu8qx,,,,,,,,,,,,,,,
7nf7kfz2,,,,,,,,,,,,,,,
lhah9x1t,,,,,,,,,,,,,,,
8v2vw8qv,,,,,,,,,,,,,,,
cs6q62fh,,,,,,,,,,,,,,,
bbthefes,,,,,,,,,,,,,,,
ya1f83x2,,,,,,,,,,,,,,,
72cfjimk,,,,,,,,,,,,,,,
06io15gc,,,,,,,,,,,,,,,
qxh3wi9z,,,,,,,,,,,,,,,
emj21yx9,,,,,,,,,,,,,,,
b52ygkf1,,,,,,,,,,,,,,,
rvzf4fng,,,,,,,,,,,,,,,
lnkqstma,,,,,,,,,,,,,,,
c2v9mai4,,,,,,,,,,,,,,,
yfwjbrsh,,,,,,,,,,,,,,,
249das17,,,,,,,,,,,,,,,
th0zl69z,,,,,,,,,,,,,,,
hvfnihdu,,,,,,,,,,,,,,,
sms633da,,,,,,,,,,,,,,,
iixk0el7,,,,,,,,,,,,,,,
7mhkm8pm,,,,,,,,,,,,,,,
knvilubi,,,,,,,,,,,,,,,
lu6vkzwn,,,,,,,,,,,,,,,
7rv2kg2z,,,,,,,,,,,,,,,
216m2ia7,,,,,,,,,,,,,,,
ld50p1y8,,,,,,,,,,,,,,,
73k9j4z2,,,,,,,,,,,,,,,
sw73cdey,,,,,,,,,,,,,,,
gz3aw2tt,,,,,,,,,,,,,,,
uxru7yp9,,,,,,,,,,,,,,,
vmvrduxu,,,,,,,,,,,,,,,
grgmjo7g,,,,,,,,,,,,,,,
kjuvm3ev,,,,,,,,,,,,,,,
fmzg6v89,,,,,,,,,,,,,,,
5qdrav2l,,,,,,,,,,,,,,,
p63vpxq5,,,,,,,,,,,,,,,
zeflh94e,,,,,,,,,,,,,,,
18mvzpps,,,,,,,,,,,,,,,
4rbtziww,,,,,,,,,,,,,,,
l8h5sjtu,,,,,,,,,,,,,,,
if9aw3i0,,,,,,,,,,,,,,,
qcysr8ks,,,,,,,,,,,,,,,
rwjojhs7,,,,,,,,,,,,,,,
5yax3693,,,,,,,,,,,,,,,
cyub3t70,,,,,,,,,,,,,,,
3d0ctlfy,,,,,,,,,,,,,,,
