uid,Game,Data,Dimension,Method,Loss function,Param1,Param2,Param2,Run1,Run2,Run3,,There should be another similar sheet on excel or google sheets. Find it  and seggregate it
t1r7evat,,,,,,,,,,,,,
4wh8ley3,,,,,,,,,,,,,
oue0bwe4,,,,,,,,,,,,,
eprsvp6w,,,,,,,,,,,,,
solopra4,DemonAttackNoFrameskip-v4,None,1CHAN,E2E,,,,,**,1.a_DemonAttackNoFrameskip-v4_singlegame_full_e2e_PolicyNotLoaded_0.0_20000_2000_notemp/23_10_11_15_10_22,1.a_DemonAttackNoFrameskip-v4_singlegame_full_e2e_PolicyNotLoaded_0.0_20000_2000_notemp/23_10_17_13_24_25,,
dfg2qm71,DemonAttackNoFrameskip-v4,,4STACK,,,,,,,,,,
n886r9za,DemonAttackNoFrameskip-v4,None,1CHAN,Random,,,,,1.a_DemonAttackNoFrameskip-v4_singlegame_full_random_PolicyNotLoaded_0.0_20000_2000_notemp/23_10_14_19_15_21,1.a_DemonAttackNoFrameskip-v4_singlegame_full_random_PolicyNotLoaded_0.0_20000_2000_notemp/23_10_17_13_24_03,1.a_DemonAttackNoFrameskip-v4_singlegame_full_random_PolicyNotLoaded_0.0_20000_2000_notemp/23_10_17_18_27_30,,
90xck323,DemonAttackNoFrameskip-v4,,4STACK,,,,,,,,,,
848u61ad,DemonAttackNoFrameskip-v4,SpaceDemo,,VEP,Triplet,,,,1.a_DemonAttackNoFrameskip-v4_singlegame_full_1CHAN_NVEP_ATARI_EXPERT_1CHAN_SPACEDEMO_STANDARD_2.0_-1.0_2.0_same_triplet_32_0_0.0001_1.pt_PolicyNotLoaded_0.0_20000_2000_1.0_notemp/24_01_17_10_36_52,1.a_DemonAttackNoFrameskip-v4_singlegame_full_1CHAN_NVEP_ATARI_EXPERT_1CHAN_SPACEDEMO_STANDARD_2.0_-1.0_2.0_same_triplet_32_0_0.0001_1.pt_PolicyNotLoaded_0.0_20000_2000_1.0_notemp/24_01_17_14_35_12,1.a_DemonAttackNoFrameskip-v4_singlegame_full_1CHAN_NVEP_ATARI_EXPERT_1CHAN_SPACEDEMO_STANDARD_2.0_-1.0_2.0_same_triplet_32_0_0.0001_1.pt_PolicyNotLoaded_0.0_20000_2000_1.0_notemp/24_01_18_14_30_06,,
iojfpofs,DemonAttackNoFrameskip-v4,SpaceDemo,,VEP,,2,-1,2,1.a_DemonAttackNoFrameskip-v4_singlegame_full_1CHAN_NVEP_ATARI_EXPERT_1CHAN_SPACEDEMO_STANDARD_2.0_-1.0_2_nsame_triplet_32_2_0.0001_1.0.pt_PolicyNotLoaded_0.0_20000_2000_1.0_4650_notemp/24_01_28_19_39_31,1.a_DemonAttackNoFrameskip-v4_singlegame_full_1CHAN_NVEP_ATARI_EXPERT_1CHAN_SPACEDEMO_STANDARD_2.0_-1.0_2_nsame_triplet_32_2_0.0001_1.0.pt_PolicyNotLoaded_0.0_20000_2000_1.0_4650_notemp/24_01_28_19_39_49,1.a_DemonAttackNoFrameskip-v4_singlegame_full_1CHAN_NVEP_ATARI_EXPERT_1CHAN_SPACEDEMO_STANDARD_2.0_-1.0_2_nsame_triplet_32_2_0.0001_1.0.pt_PolicyNotLoaded_0.0_20000_2000_1.0_4650_notemp/24_01_29_14_51_15,,
s52qj455,DemonAttackNoFrameskip-v4,SpaceDemo,,,,,,,,,,,
7vgb4kso,DemonAttackNoFrameskip-v4,SpaceDemo,,,,,,,,,,,
ollwovgk,DemonAttackNoFrameskip-v4,SpaceDemo,,TCN,,1,,,1.a_DemonAttackNoFrameskip-v4_singlegame_full_1CHAN_TCN_ATARI_EXPERT_1CHAN_SPACEDEMO_STANDARD_1.0_0.01_32_0_0.0001_0.pt_PolicyNotLoaded_0.0_20000_2000_notemp/23_10_16_12_52_22,1.a_DemonAttackNoFrameskip-v4_singlegame_full_1CHAN_TCN_ATARI_EXPERT_1CHAN_SPACEDEMO_STANDARD_1.0_0.01_32_0_0.0001_0.pt_PolicyNotLoaded_0.0_20000_2000_notemp/23_10_17_11_30_27,1.a_DemonAttackNoFrameskip-v4_singlegame_full_1CHAN_TCN_ATARI_EXPERT_1CHAN_SPACEDEMO_STANDARD_1.0_0.01_32_0_0.0001_0.pt_PolicyNotLoaded_0.0_20000_2000_notemp/23_10_26_23_10_42,,
ubv3u14n,DemonAttackNoFrameskip-v4,SpaceDemo,,TCN,,-1,,,1.a_DemonAttackNoFrameskip-v4_singlegame_full_1CHAN_TCN_ATARI_EXPERT_1CHAN_SPACEDEMO_STANDARD_-1.0_32_0_0.0001_0.pt_PolicyNotLoaded_0.0_20000_2000_notemp/23_10_28_23_16_54,1.a_DemonAttackNoFrameskip-v4_singlegame_full_1CHAN_TCN_ATARI_EXPERT_1CHAN_SPACEDEMO_STANDARD_-1.0_32_0_0.0001_0.pt_PolicyNotLoaded_0.0_20000_2000_notemp/23_10_29_18_28_42,1.a_DemonAttackNoFrameskip-v4_singlegame_full_1CHAN_TCN_ATARI_EXPERT_1CHAN_SPACEDEMO_STANDARD_-1.0_32_0_0.0001_0.pt_PolicyNotLoaded_0.0_20000_2000_notemp/23_10_29_18_29_20,,
5faxps9e,DemonAttackNoFrameskip-v4,SpaceDemo,,,,,,,,,,,
g1d6etrr,DemonAttackNoFrameskip-v4,SpaceDemo,,VIP,,150,50,,1.a_DemonAttackNoFrameskip-v4_singlegame_full_1CHAN_VIP_ATARI_EXPERT_1CHAN_SPACEDEMO_STANDARD_50.0_15.0_0.01_32_0_0.0001_0.pt_PolicyNotLoaded_0.0_20000_2000_notemp/23_10_16_22_29_43,1.a_DemonAttackNoFrameskip-v4_singlegame_full_1CHAN_VIP_ATARI_EXPERT_1CHAN_SPACEDEMO_STANDARD_50.0_15.0_0.01_32_0_0.0001_0.pt_PolicyNotLoaded_0.0_20000_2000_notemp/23_11_01_23_27_07,??,,
h0yjjzg3,DemonAttackNoFrameskip-v4,,,,,,,,,,,,
wwvnys58,DemonAttackNoFrameskip-v4,,,,,,,,,,,,
t4vacgho,DemonAttackNoFrameskip-v4,SpaceDemo,,SOM,,0.9,,,1.a_DemonAttackNoFrameskip-v4_singlegame_full_1CHAN_SOM_ATARI_EXPERT_1CHAN_SPACEDEMO_STANDARD_0.9_32_32_0.0001_0.pt_PolicyNotLoaded_0.0_20000_2000_notemp/23_11_03_02_16_35,1.a_DemonAttackNoFrameskip-v4_singlegame_full_1CHAN_SOM_ATARI_EXPERT_1CHAN_SPACEDEMO_STANDARD_0.9_32_32_0.0001_0.pt_PolicyNotLoaded_0.0_20000_2000_notemp/23_11_03_04_19_20,1.a_DemonAttackNoFrameskip-v4_singlegame_full_1CHAN_SOM_ATARI_EXPERT_1CHAN_SPACEDEMO_STANDARD_0.9_32_32_0.0001_0.pt_PolicyNotLoaded_0.0_20000_2000_notemp/23_11_03_06_22_07,,
ozxjfi9w,DemonAttackNoFrameskip-v4,,,,,,,,,,,,
dkhsuyeu,DemonAttackNoFrameskip-v4,,,,,,,,,,,,
sc4h5qwz,,,,,,,,,,,,,
ytfgap10,SpaceInvadersNoFrameskip-v4,None,1CHAN,E2E,Triplet,,,,1.a_SpaceInvadersNoFrameskip-v4_singlegame_full_e2e_PolicyNotLoaded_0.0_20000_2000_notemp/23_10_17_18_44_06,1.a_SpaceInvadersNoFrameskip-v4_singlegame_full_e2e_PolicyNotLoaded_0.0_20000_2000_notemp/23_10_17_13_49_20,1.a_SpaceInvadersNoFrameskip-v4_singlegame_full_e2e_PolicyNotLoaded_0.0_20000_2000_notemp/23_10_11_15_12_08,,
ve084mlh,SpaceInvadersNoFrameskip-v4,,,,,,,,,,,,
trhntesf,SpaceInvadersNoFrameskip-v4,None,,Random,,,,,1.a_SpaceInvadersNoFrameskip-v4_singlegame_full_random_PolicyNotLoaded_0.0_20000_2000_notemp/23_10_16_10_16_17,1.a_SpaceInvadersNoFrameskip-v4_singlegame_full_random_PolicyNotLoaded_0.0_20000_2000_notemp/23_10_17_13_36_39,**,,
o48l1ukg,SpaceInvadersNoFrameskip-v4,,,,,,,,,,,,
llbtzh5l,SpaceInvadersNoFrameskip-v4,SpaceDemo,,VEP,,4,-1,4,1.a_SpaceInvadersNoFrameskip-v4_singlegame_full_1CHAN_NVEP_ATARI_EXPERT_1CHAN_SPACEDEMO_STANDARD_4.0_-1.0_4.0_same_triplet_32_0_0.0001_1.pt_PolicyNotLoaded_0.0_20000_2000_1.0_notemp/24_01_18_12_45_25,1.a_SpaceInvadersNoFrameskip-v4_singlegame_full_1CHAN_NVEP_ATARI_EXPERT_1CHAN_SPACEDEMO_STANDARD_4.0_-1.0_4.0_same_triplet_32_0_0.0001_1.pt_PolicyNotLoaded_0.0_20000_2000_1.0_notemp/24_01_18_14_40_13,1.a_SpaceInvadersNoFrameskip-v4_singlegame_full_1CHAN_NVEP_ATARI_EXPERT_1CHAN_SPACEDEMO_STANDARD_4.0_-1.0_4.0_same_triplet_32_0_0.0001_1.pt_PolicyNotLoaded_0.0_20000_2000_1.0_notemp/24_01_18_16_35_32,,
xzupecpg,SpaceInvadersNoFrameskip-v4,,,,,,,,,,,,
ci4nkhwg,SpaceInvadersNoFrameskip-v4,SpaceDemo,,TCN,,-1,,,1.a_SpaceInvadersNoFrameskip-v4_singlegame_full_1CHAN_TCN_ATARI_EXPERT_1CHAN_SPACEDEMO_STANDARD_-1.0_32_0_0.0001_0.pt_PolicyNotLoaded_0.0_20000_2000_notemp/23_10_28_23_17_02,1.a_SpaceInvadersNoFrameskip-v4_singlegame_full_1CHAN_TCN_ATARI_EXPERT_1CHAN_SPACEDEMO_STANDARD_-1.0_32_0_0.0001_0.pt_PolicyNotLoaded_0.0_20000_2000_notemp/23_10_29_18_29_13,1.a_SpaceInvadersNoFrameskip-v4_singlegame_full_1CHAN_TCN_ATARI_EXPERT_1CHAN_SPACEDEMO_STANDARD_-1.0_32_0_0.0001_0.pt_PolicyNotLoaded_0.0_20000_2000_notemp/23_10_29_18_29_46,,
o8l4sj0g,SpaceInvadersNoFrameskip-v4,SpaceDemo,,TCN,,1,,,1.a_SpaceInvadersNoFrameskip-v4_singlegame_full_1CHAN_TCN_ATARI_EXPERT_1CHAN_SPACEDEMO_STANDARD_1.0_0.01_32_0_0.0001_0.pt_PolicyNotLoaded_0.0_20000_2000_notemp/23_10_17_11_34_19,1.a_SpaceInvadersNoFrameskip-v4_singlegame_full_1CHAN_TCN_ATARI_EXPERT_1CHAN_SPACEDEMO_STANDARD_1.0_0.01_32_0_0.0001_0.pt_PolicyNotLoaded_0.0_20000_2000_notemp/23_10_26_23_13_54,1.a_SpaceInvadersNoFrameskip-v4_singlegame_full_1CHAN_TCN_ATARI_EXPERT_1CHAN_SPACEDEMO_STANDARD_1.0_0.01_32_0_0.0001_0.pt_PolicyNotLoaded_0.0_20000_2000_notemp/23_10_27_01_20_55,1.a_SpaceInvadersNoFrameskip-v4_singlegame_full_1CHAN_TCN_ATARI_EXPERT_1CHAN_SPACEDEMO_STANDARD_1.0_0.01_32_0_0.0001_0.pt_PolicyNotLoaded_0.0_20000_2000_notemp/23_10_16_10_23_35,
p5h9pg14,SpaceInvadersNoFrameskip-v4,,,,,,,,,,,,
6xzpemp4,SpaceInvadersNoFrameskip-v4,SpaceDemo,,VIP,,150,50,,1.a_SpaceInvadersNoFrameskip-v4_singlegame_full_1CHAN_VIP_ATARI_EXPERT_1CHAN_SPACEDEMO_STANDARD_150.0_50.0_0.01_32_0_0.0001_0.pt_PolicyNotLoaded_0.0_20000_2000_notemp/23_10_16_20_32_55,1.a_SpaceInvadersNoFrameskip-v4_singlegame_full_1CHAN_VIP_ATARI_EXPERT_1CHAN_SPACEDEMO_STANDARD_150.0_50.0_0.01_32_0_0.0001_0.pt_PolicyNotLoaded_0.0_20000_2000_notemp/23_11_01_23_07_05,??,,
yqymbljr,SpaceInvadersNoFrameskip-v4,,,,,,,,,,,,
hlttju0u,SpaceInvadersNoFrameskip-v4,SpaceDemo,,SOM,,0.9,,,1.a_SpaceInvadersNoFrameskip-v4_singlegame_full_1CHAN_SOM_ATARI_EXPERT_1CHAN_SPACEDEMO_STANDARD_0.9_32_32_0.0001_0.pt_PolicyNotLoaded_0.0_20000_2000_notemp/23_11_03_02_16_04,1.a_SpaceInvadersNoFrameskip-v4_singlegame_full_1CHAN_SOM_ATARI_EXPERT_1CHAN_SPACEDEMO_STANDARD_0.9_32_32_0.0001_0.pt_PolicyNotLoaded_0.0_20000_2000_notemp/23_11_03_06_20_13,1.a_SpaceInvadersNoFrameskip-v4_singlegame_full_1CHAN_SOM_ATARI_EXPERT_1CHAN_SPACEDEMO_STANDARD_0.9_32_32_0.0001_0.pt_PolicyNotLoaded_0.0_20000_2000_notemp/23_11_03_10_26_34,,
2w3q39n4,SpaceInvadersNoFrameskip-v4,,,,,,,,,,,,
5hj1pkpe,SpaceInvadersNoFrameskip-v4,,,,,,,,,,,,
pul7xq6c,,,,,,,,,,,,,
psjok1hw,CarnivalNoFrameskip-v4,,,E2E,,,,,1.a_CarnivalNoFrameskip-v4_singlegame_full_e2e_PolicyNotLoaded_0.0_20000_2000_notemp/23_10_27_00_04_27,1.a_CarnivalNoFrameskip-v4_singlegame_full_e2e_PolicyNotLoaded_0.0_20000_2000_notemp/23_10_26_23_44_01,1.a_CarnivalNoFrameskip-v4_singlegame_full_e2e_PolicyNotLoaded_0.0_20000_2000_notemp/23_10_26_23_43_48,,
70d96tir,CarnivalNoFrameskip-v4,,,Random,,,,,??,1.a_CarnivalNoFrameskip-v4_singlegame_full_random_PolicyNotLoaded_0.0_20000_2000_notemp/23_11_02_19_43_34,1.a_CarnivalNoFrameskip-v4_singlegame_full_random_PolicyNotLoaded_0.0_20000_2000_notemp/23_11_02_19_50_58,,
i748tygu,CarnivalNoFrameskip-v4,,,,,,,,,,,,
6nwm1ibc,CarnivalNoFrameskip-v4,SpaceDemo,,VEP,Triplet,2,,,1.a_CarnivalNoFrameskip-v4_singlegame_full_1CHAN_NVEP_ATARI_EXPERT_1CHAN_SPACEDEMO_STANDARD_1.0_0.1_1.0_same_32_0_0.0001_0.pt_PolicyNotLoaded_0.0_20000_2000_notemp/23_11_16_14_25_16,1.a_CarnivalNoFrameskip-v4_singlegame_full_1CHAN_NVEP_ATARI_EXPERT_1CHAN_SPACEDEMO_STANDARD_1.0_0.1_1.0_same_32_0_0.0001_0.pt_PolicyNotLoaded_0.0_20000_2000_notemp/23_11_16_18_31_00,1.a_CarnivalNoFrameskip-v4_singlegame_full_1CHAN_NVEP_ATARI_EXPERT_1CHAN_SPACEDEMO_STANDARD_1.0_0.1_1.0_same_32_0_0.0001_0.pt_PolicyNotLoaded_0.0_20000_2000_notemp/23_11_17_06_16_59,,
hmafqgw5,CarnivalNoFrameskip-v4,,,,,,,,,,,,
8m2ebivf,CarnivalNoFrameskip-v4,,,,,,,,,,,,
ma6eq7um,CarnivalNoFrameskip-v4,,,,,,,,,,,,
hjzf0q7t,CarnivalNoFrameskip-v4,,,TCN,,1,,,1.a_CarnivalNoFrameskip-v4_singlegame_full_1CHAN_TCN_ATARI_EXPERT_1CHAN_SPACEDEMO_STANDARD_1.0_0.01_32_0_0.0001_0.pt_PolicyNotLoaded_0.0_20000_2000_notemp/23_11_14_22_23_33,1.a_CarnivalNoFrameskip-v4_singlegame_full_1CHAN_TCN_ATARI_EXPERT_1CHAN_SPACEDEMO_STANDARD_1.0_0.01_32_0_0.0001_0.pt_PolicyNotLoaded_0.0_20000_2000_1.0_notemp/24_01_17_10_00_23,1.a_CarnivalNoFrameskip-v4_singlegame_full_1CHAN_TCN_ATARI_EXPERT_1CHAN_SPACEDEMO_STANDARD_1.0_0.01_32_0_0.0001_0.pt_PolicyNotLoaded_0.0_20000_2000_1.0_notemp/24_01_17_14_16_41,,
4nqaggg1,CarnivalNoFrameskip-v4,,,,,,,,,,,,
6f856o97,CarnivalNoFrameskip-v4,,,,,,,,,,,,
agehc8wm,CarnivalNoFrameskip-v4,,,VIP,,150,50,,1.a_CarnivalNoFrameskip-v4_singlegame_full_1CHAN_VIP_ATARI_EXPERT_1CHAN_SPACEDEMO_STANDARD_150.0_50.0_0.01_32_0_0.0001_0.pt_PolicyNotLoaded_0.0_20000_2000_notemp/23_11_17_04_04_18,1.a_CarnivalNoFrameskip-v4_singlegame_full_1CHAN_VIP_ATARI_EXPERT_1CHAN_SPACEDEMO_STANDARD_150.0_50.0_0.01_32_0_0.0001_0.pt_PolicyNotLoaded_0.0_20000_2000_notemp/23_11_17_01_51_32,1.a_CarnivalNoFrameskip-v4_singlegame_full_1CHAN_VIP_ATARI_EXPERT_1CHAN_SPACEDEMO_STANDARD_150.0_50.0_0.01_32_0_0.0001_0.pt_PolicyNotLoaded_0.0_20000_2000_notemp/23_11_16_23_48_16,,
hmf6nk6c,CarnivalNoFrameskip-v4,,,,,,,,,,,,
iaxoqbkv,CarnivalNoFrameskip-v4,,,,,,,,,,,,
g0dhamg1,CarnivalNoFrameskip-v4,,,SOM,,0.9,,,1.a_CarnivalNoFrameskip-v4_singlegame_full_1CHAN_SOM_ATARI_EXPERT_1CHAN_SPACEDEMO_STANDARD_0.9_32_32_0.0001_0.pt_PolicyNotLoaded_0.0_20000_2000_notemp/23_11_16_11_42_44,1.a_CarnivalNoFrameskip-v4_singlegame_full_1CHAN_SOM_ATARI_EXPERT_1CHAN_SPACEDEMO_STANDARD_0.9_32_32_0.0001_0.pt_PolicyNotLoaded_0.0_20000_2000_notemp/23_11_16_23_16_56,1.a_CarnivalNoFrameskip-v4_singlegame_full_1CHAN_SOM_ATARI_EXPERT_1CHAN_SPACEDEMO_STANDARD_0.9_32_32_0.0001_0.pt_PolicyNotLoaded_0.0_20000_2000_1.0_notemp/24_01_20_04_33_01,,
cdqlw750,CarnivalNoFrameskip-v4,,,,,,,,,,,,
vk7y4k02,,,,,,,,,,,,,
m1036vsn,AirRaidNoFrameskip-v4,,,E2E,,,,,1.a_AirRaidNoFrameskip-v4_singlegame_full_e2e_PolicyNotLoaded_0.0_20000_2000_1.0_notemp/24_01_18_20_19_53,1.a_AirRaidNoFrameskip-v4_singlegame_full_e2e_PolicyNotLoaded_0.0_20000_2000_1.0_notemp/24_01_19_05_35_34,??,,
hs32uhlq,AirRaidNoFrameskip-v4,,,,,,,,,,,,
or9z6z9n,AirRaidNoFrameskip-v4,,,Random,,,,,1.a_AirRaidNoFrameskip-v4_singlegame_full_random_PolicyNotLoaded_0.0_20000_2000_1.0_notemp/24_01_20_00_01_38,1.a_AirRaidNoFrameskip-v4_singlegame_full_random_PolicyNotLoaded_0.0_20000_2000_1.0_notemp/24_01_18_18_05_58,1.a_AirRaidNoFrameskip-v4_singlegame_full_random_PolicyNotLoaded_0.0_20000_2000_1.0_notemp/24_01_18_16_11_53,,
yw3pfutg,AirRaidNoFrameskip-v4,,,,,,,,,,,,
e7k2bk3e,AirRaidNoFrameskip-v4,,,,,,,,,,,,
z97wbsb9,AirRaidNoFrameskip-v4,,,,,,,,,,,,
hspl1f6x,AirRaidNoFrameskip-v4,SpaceDemo,,VEP,,,,,1.a_AirRaidNoFrameskip-v4_singlegame_full_1CHAN_NVEP_ATARI_EXPERT_1CHAN_SPACEDEMO_STANDARD_2.0_0.01_2_nsame_snnl_32_2_0.0001_1.pt_PolicyNotLoaded_0.0_20000_2000_1.0_4650_notemp/24_02_01_03_34_55,1.a_AirRaidNoFrameskip-v4_singlegame_full_1CHAN_NVEP_ATARI_EXPERT_1CHAN_SPACEDEMO_STANDARD_2.0_0.01_2_nsame_snnl_32_2_0.0001_1.pt_PolicyNotLoaded_0.0_20000_2000_1.0_4650_notemp/24_02_01_04_39_08,1.a_AirRaidNoFrameskip-v4_singlegame_full_1CHAN_NVEP_ATARI_EXPERT_1CHAN_SPACEDEMO_STANDARD_2.0_0.01_2_nsame_snnl_256_2_0.0001_1.pt_PolicyNotLoaded_0.0_20000_2000_1.0_4650_notemp/24_01_31_23_52_15,,
08m637cv,AirRaidNoFrameskip-v4,,,,,,,,,,,,
xngofn3f,AirRaidNoFrameskip-v4,,,,,,,,,,,,
xtw59mq5,AirRaidNoFrameskip-v4,,,,,,,,,,,,
7s25im1k,AirRaidNoFrameskip-v4,SpaceDemo,,TCN,,,,,1.a_AirRaidNoFrameskip-v4_singlegame_full_1CHAN_TCN_ATARI_EXPERT_1CHAN_SPACEDEMO_STANDARD_-1.0_32_0_0.0001_0.pt_PolicyNotLoaded_0.0_20000_2000_1.0_notemp/24_01_18_17_54_17,1.a_AirRaidNoFrameskip-v4_singlegame_full_1CHAN_TCN_ATARI_EXPERT_1CHAN_SPACEDEMO_STANDARD_-1.0_32_0_0.0001_0.pt_PolicyNotLoaded_0.0_20000_2000_1.0_notemp/24_01_18_20_18_58,1.a_AirRaidNoFrameskip-v4_singlegame_full_1CHAN_TCN_ATARI_EXPERT_1CHAN_SPACEDEMO_STANDARD_-1.0_32_0_0.0001_0.pt_PolicyNotLoaded_0.0_20000_2000_1.0_notemp/24_01_18_22_42_51,,
3n78o162,AirRaidNoFrameskip-v4,,,,,,,,,,,,
sxmc9hw8,AirRaidNoFrameskip-v4,,,,,,,,,,,,
hcm5m2ys,AirRaidNoFrameskip-v4,SpaceDemo,,VIP,,,,,1.a_AirRaidNoFrameskip-v4_singlegame_full_1CHAN_VIP_ATARI_EXPERT_1CHAN_SPACEDEMO_STANDARD_50.0_15.0_0.01_32_0_0.0001_0.pt_PolicyNotLoaded_0.0_20000_2000_1.0_notemp/24_01_19_21_56_04,1.a_AirRaidNoFrameskip-v4_singlegame_full_1CHAN_VIP_ATARI_EXPERT_1CHAN_SPACEDEMO_STANDARD_50.0_15.0_0.01_32_0_0.0001_0.pt_PolicyNotLoaded_0.0_20000_2000_1.0_notemp/24_01_20_00_20_08,1.a_AirRaidNoFrameskip-v4_singlegame_full_1CHAN_VIP_ATARI_EXPERT_1CHAN_SPACEDEMO_STANDARD_50.0_15.0_0.01_32_0_0.0001_0.pt_PolicyNotLoaded_0.0_20000_2000_1.0_notemp/24_01_20_02_44_02,,
65tayr12,AirRaidNoFrameskip-v4,,,,,,,,,,,,
197nxvk5,AirRaidNoFrameskip-v4,,,,,,,,,,,,
iju7xqn0,AirRaidNoFrameskip-v4,SpaceDemo,,SOM,,,,,1.a_AirRaidNoFrameskip-v4_singlegame_full_1CHAN_SOM_ATARI_EXPERT_1CHAN_SPACEDEMO_STANDARD_0.9_32_32_0.0001_0.pt_PolicyNotLoaded_0.0_20000_2000_1.0_notemp/24_01_19_13_12_48,1.a_AirRaidNoFrameskip-v4_singlegame_full_1CHAN_SOM_ATARI_EXPERT_1CHAN_SPACEDEMO_STANDARD_0.9_32_32_0.0001_0.pt_PolicyNotLoaded_0.0_20000_2000_1.0_notemp/24_01_19_17_48_06,1.a_AirRaidNoFrameskip-v4_singlegame_full_1CHAN_SOM_ATARI_EXPERT_1CHAN_SPACEDEMO_STANDARD_0.9_32_32_0.0001_0.pt_PolicyNotLoaded_0.0_20000_2000_1.0_notemp/24_01_19_22_23_40,,
q8w984sq,AirRaidNoFrameskip-v4,,,,,,,,,,,,
uryvtzcq,AirRaidNoFrameskip-v4,,,,,,,,,,,,
b3hwdi5a,AirRaidNoFrameskip-v4,,,,,,,,,,,,
2sg53tav,AirRaidNoFrameskip-v4,,,,,,,,,,,,
5y6dc8ze,,,,,,,,,,,,,
k28z8tdk,,,,,,,,,,,,,
ddxoh5qq,PhoenixNoFrameskip-v4,None,,E2E,,,,,1.a_PhoenixNoFrameskip-v4_singlegame_full_e2e_PolicyNotLoaded_0.0_20000_2000_notemp/23_10_26_20_40_36,1.a_PhoenixNoFrameskip-v4_singlegame_full_e2e_PolicyNotLoaded_0.0_20000_2000_notemp/23_11_15_19_15_28,??,,
euwl5ryr,PhoenixNoFrameskip-v4,None,,Random,,,,,1.a_PhoenixNoFrameskip-v4_singlegame_full_random_PolicyNotLoaded_0.0_20000_2000_notemp/23_10_30_13_21_58,1.a_PhoenixNoFrameskip-v4_singlegame_full_random_PolicyNotLoaded_0.0_20000_2000_notemp/23_11_16_01_55_56,??,,
k7agaxx9,PhoenixNoFrameskip-v4,,,,,,,,,,,,
fs94yrom,PhoenixNoFrameskip-v4,,,,,,,,,,,,
kdcnohta,PhoenixNoFrameskip-v4,SpaceDemo,,VEP,,2,-1,2,1.a_PhoenixNoFrameskip-v4_singlegame_full_1CHAN_NVEP_ATARI_EXPERT_1CHAN_SPACEDEMO_STANDARD_2.0_-1.0_2.0_same_triplet_32_0_0.0001_1.pt_PolicyNotLoaded_0.0_20000_2000_1.0_notemp/24_01_19_21_41_55,1.a_PhoenixNoFrameskip-v4_singlegame_full_1CHAN_NVEP_ATARI_EXPERT_1CHAN_SPACEDEMO_STANDARD_2.0_-1.0_2.0_same_triplet_32_0_0.0001_1.pt_PolicyNotLoaded_0.0_20000_2000_1.0_notemp/24_01_19_23_57_35,1.a_PhoenixNoFrameskip-v4_singlegame_full_1CHAN_NVEP_ATARI_EXPERT_1CHAN_SPACEDEMO_STANDARD_2.0_-1.0_2.0_same_triplet_32_0_0.0001_1.pt_PolicyNotLoaded_0.0_20000_2000_1.0_notemp/24_01_20_02_13_10	,,
o198gb8a,PhoenixNoFrameskip-v4,SpaceDemo,,TCN,,-1,,,1.a_PhoenixNoFrameskip-v4_singlegame_full_1CHAN_TCN_ATARI_EXPERT_1CHAN_SPACEDEMO_STANDARD_-1.0_32_0_0.0001_0.pt_PolicyNotLoaded_0.0_20000_2000_1.0_notemp/24_01_18_18_30_00,1.a_PhoenixNoFrameskip-v4_singlegame_full_1CHAN_TCN_ATARI_EXPERT_1CHAN_SPACEDEMO_STANDARD_-1.0_32_0_0.0001_0.pt_PolicyNotLoaded_0.0_20000_2000_1.0_notemp/24_01_18_20_22_21,1.a_PhoenixNoFrameskip-v4_singlegame_full_1CHAN_TCN_ATARI_EXPERT_1CHAN_SPACEDEMO_STANDARD_-1.0_32_0_0.0001_0.pt_PolicyNotLoaded_0.0_20000_2000_1.0_notemp/24_01_18_22_14_40,,
p1c62ykp,PhoenixNoFrameskip-v4,SpaceDemo,,SOM,,0.1,,,1.a_PhoenixNoFrameskip-v4_singlegame_full_1CHAN_SOM_ATARI_EXPERT_1CHAN_SPACEDEMO_STANDARD_0.1_32_32_0.0001_0.pt_PolicyNotLoaded_0.0_20000_2000_1.0_notemp/24_01_19_13_13_37,1.a_PhoenixNoFrameskip-v4_singlegame_full_1CHAN_SOM_ATARI_EXPERT_1CHAN_SPACEDEMO_STANDARD_0.1_32_32_0.0001_0.pt_PolicyNotLoaded_0.0_20000_2000_1.0_notemp/24_01_19_17_09_02,1.a_PhoenixNoFrameskip-v4_singlegame_full_1CHAN_SOM_ATARI_EXPERT_1CHAN_SPACEDEMO_STANDARD_0.1_32_32_0.0001_0.pt_PolicyNotLoaded_0.0_20000_2000_1.0_notemp/24_01_19_21_04_45,,
ghvougw5,PhoenixNoFrameskip-v4,SpaceDemo,,VIP,,50,15,,1.a_PhoenixNoFrameskip-v4_singlegame_full_1CHAN_VIP_ATARI_EXPERT_1CHAN_SPACEDEMO_STANDARD_50.0_15.0_0.01_32_0_0.0001_0.pt_PolicyNotLoaded_0.0_20000_2000_1.0_notemp/24_01_19_13_14_51,1.a_PhoenixNoFrameskip-v4_singlegame_full_1CHAN_VIP_ATARI_EXPERT_1CHAN_SPACEDEMO_STANDARD_50.0_15.0_0.01_32_0_0.0001_0.pt_PolicyNotLoaded_0.0_20000_2000_1.0_notemp/24_01_19_15_32_34,1.a_PhoenixNoFrameskip-v4_singlegame_full_1CHAN_VIP_ATARI_EXPERT_1CHAN_SPACEDEMO_STANDARD_50.0_15.0_0.01_32_0_0.0001_0.pt_PolicyNotLoaded_0.0_20000_2000_1.0_notemp/24_01_19_17_50_03,,
yktqmrgz,PhoenixNoFrameskip-v4,,,,,,,,,,,,
cldqkv54,PhoenixNoFrameskip-v4,,,,,,,,,,,,
293rl634,PhoenixNoFrameskip-v4,,,,,,,,,,,,
ighj9wp6,PhoenixNoFrameskip-v4,,,,,,,,,,,,
vnj4im9y,,,,,,,,,,,,,
l8j1rfzu,BeamRiderNoFrameskip-v4,SpaceDemo,,E2E,,,,,1.a_BeamRiderNoFrameskip-v4_singlegame_full_e2e_PolicyNotLoaded_0.0_20000_2000_1.0_notemp/24_01_22_18_50_09,1.a_BeamRiderNoFrameskip-v4_singlegame_full_e2e_PolicyNotLoaded_0.0_20000_2000_1.0_notemp/24_01_25_20_01_24,??,,
2hrmqul5,BeamRiderNoFrameskip-v4,SpaceDemo,,Random,,,,,1.a_BeamRiderNoFrameskip-v4_singlegame_full_random_PolicyNotLoaded_0.0_20000_2000_1.0_notemp/24_01_26_03_28_38,1.a_BeamRiderNoFrameskip-v4_singlegame_full_random_PolicyNotLoaded_0.0_20000_2000_1.0_notemp/24_01_22_18_39_24,??,,
62n8bl44,BeamRiderNoFrameskip-v4,,,,,,,,,,,,
0xooirzm,BeamRiderNoFrameskip-v4,SpaceDemo,,VIP,,50,15,,1.a_BeamRiderNoFrameskip-v4_singlegame_full_1CHAN_VIP_ATARI_EXPERT_1CHAN_SPACEDEMO_STANDARD_50.0_15.0_0.01_32_0_0.0001_0.pt_PolicyNotLoaded_0.0_20000_2000_1.0_notemp/24_01_26_03_35_29,1.a_BeamRiderNoFrameskip-v4_singlegame_full_1CHAN_VIP_ATARI_EXPERT_1CHAN_SPACEDEMO_STANDARD_50.0_15.0_0.01_32_0_0.0001_0.pt_PolicyNotLoaded_0.0_20000_2000_1.0_notemp/24_01_26_06_14_29,??,,
4nb69mcv,BeamRiderNoFrameskip-v4,SpaceDemo,,TCN,,-1,,,1.a_BeamRiderNoFrameskip-v4_singlegame_full_1CHAN_TCN_ATARI_EXPERT_1CHAN_SPACEDEMO_STANDARD_-1.0_32_0_0.0001_0.pt_PolicyNotLoaded_0.0_20000_2000_1.0_notemp/24_01_22_23_59_42,1.a_BeamRiderNoFrameskip-v4_singlegame_full_1CHAN_TCN_ATARI_EXPERT_1CHAN_SPACEDEMO_STANDARD_-1.0_32_0_0.0001_0.pt_PolicyNotLoaded_0.0_20000_2000_1.0_notemp/24_01_26_03_31_20,1.a_BeamRiderNoFrameskip-v4_singlegame_full_1CHAN_TCN_ATARI_EXPERT_1CHAN_SPACEDEMO_STANDARD_-1.0_32_0_0.0001_0.pt_PolicyNotLoaded_0.0_20000_2000_1.0_notemp/24_01_26_03_31_32,,
8jlfghl1,BeamRiderNoFrameskip-v4,SpaceDemo,,VEP,,2,-1,2,1.a_BeamRiderNoFrameskip-v4_singlegame_full_1CHAN_NVEP_ATARI_EXPERT_1CHAN_SPACEDEMO_STANDARD_2.0_-1.0_2.0_same_triplet_32_0_0.0001_1.pt_PolicyNotLoaded_0.0_20000_2000_1.0_notemp/24_01_22_18_26_19,1.a_BeamRiderNoFrameskip-v4_singlegame_full_1CHAN_NVEP_ATARI_EXPERT_1CHAN_SPACEDEMO_STANDARD_2.0_-1.0_2.0_same_triplet_32_0_0.0001_1.pt_PolicyNotLoaded_0.0_20000_2000_1.0_notemp/24_01_25_20_50_20,1.a_BeamRiderNoFrameskip-v4_singlegame_full_1CHAN_NVEP_ATARI_EXPERT_1CHAN_SPACEDEMO_STANDARD_2.0_-1.0_2.0_same_triplet_32_0_0.0001_1.pt_PolicyNotLoaded_0.0_20000_2000_1.0_notemp/24_01_25_20_50_23,,
6zrb5fqg,BeamRiderNoFrameskip-v4,SpaceDemo,,SOM,,,,,1.a_BeamRiderNoFrameskip-v4_singlegame_full_1CHAN_SOM_ATARI_EXPERT_1CHAN_SPACEDEMO_STANDARD_0.1_32_32_0.0001_0.pt_PolicyNotLoaded_0.0_20000_2000_1.0_notemp/24_01_25_20_52_12,1.a_BeamRiderNoFrameskip-v4_singlegame_full_1CHAN_SOM_ATARI_EXPERT_1CHAN_SPACEDEMO_STANDARD_0.1_32_32_0.0001_0.pt_PolicyNotLoaded_0.0_20000_2000_1.0_notemp/24_01_26_00_10_45,**,,
33gt80v0,BeamRiderNoFrameskip-v4,,,,,,,,,,,,
5z142ddl,BeamRiderNoFrameskip-v4,SpaceCarnivalDemo,,SOM,,,,,1.a_BeamRiderNoFrameskip-v4_singlegame_full_1CHAN_SOM_ATARI_EXPERT_1CHAN_SPACECARNIVALDEMO_STANDARD_0.1_triplet_32_32_0.0001_1.0.pt_PolicyNotLoaded_0.0_20000_2000_1.0_notemp/24_01_25_14_45_11,??,??,,
w4gn1klz,BeamRiderNoFrameskip-v4,,,,,,,,,,,,
yx3kwvvk,BeamRiderNoFrameskip-v4,,,,,,,,,,,,
nbpufsd7,BeamRiderNoFrameskip-v4,AirSpaceCarnivalDemo,SOM,,,,,,**,**,**,,
5cy1l0nq,BeamRiderNoFrameskip-v4,,,,,,,,,,,,
bmfpvrxk,BeamRiderNoFrameskip-v4,,,,,,,,,,,,
l7cfxlft,,,,,,,,,,,,,
fgixph5u,,,,,,,,,,,,,
6zvmmuxp,,,,,,,,,,,,,
kqgzt67r,,,,,,,,,,,,,
sy10jgpi,,,,,,,,,,,,,
cau067ta,,,,,,,,,,,,,
7vxk2d65,,,,,,,,,,,,,
9aqea9v6,,,,,,,,,,,,,
ucj1gcb0,,,,,,,,,,,,,
00sd8xwq,,,,,,,,,,,,,
pn03oroz,,,,,,,,,,,,,
yof6krgo,,,,,,,,,,,,,
e0uekrll,,,,,,,,,,,,,
3vyed579,,,,,,,,,,,,,
tc6b6q5r,,,,,,,,,,,,,
yxw4he9l,,,,,,,,,,,,,
io3t7kfl,,,,,,,,,,,,,
saibsv3f,,,,,,,,,,,,,
4r2lnmiy,,,,,,,,,,,,,
pueq0wrz,,,,,,,,,,,,,
shyxguxe,,,,,,,,,,,,,
pmv5hq7g,,,,,,,,,,,,,
3hi8r011,,,,,,,,,,,,,
8ivzpd83,,,,,,,,,,,,,
mu1tl8ft,,,,,,,,,,,,,
0qa8j0cp,,,,,,,,,,,,,
8hwg6uzp,,,,,,,,,,,,,
dtdaytvl,,,,,,,,,,,,,
1l2ibm7a,,,,,,,,,,,,,
yj0ce09z,,,,,,,,,,,,,
kcgb6z3k,,,,,,,,,,,,,
20ngx0rx,,,,,,,,,,,,,
2vw83jrc,,,,,,,,,,,,,
mypfewxm,,,,,,,,,,,,,
stsrdbf6,,,,,,,,,,,,,
7lm69i76,,,,,,,,,,,,,
jgz7dy1l,,,,,,,,,,,,,
n7ictw3m,,,,,,,,,,,,,
gnw0n0g5,,,,,,,,,,,,,
qng5qmwq,,,,,,,,,,,,,
mncraq9x,,,,,,,,,,,,,
xqa5uwc6,,,,,,,,,,,,,
4be1c7lx,,,,,,,,,,,,,
w0pvsr9j,,,,,,,,,,,,,
okzpbvfq,,,,,,,,,,,,,
kwugi9kn,,,,,,,,,,,,,
pgo78dm3,,,,,,,,,,,,,
l7mu7m5k,,,,,,,,,,,,,
galv9g9x,,,,,,,,,,,,,
rtpv8c82,,,,,,,,,,,,,
hrnc4bya,,,,,,,,,,,,,
gh9fmjov,,,,,,,,,,,,,
clhh6o6j,,,,,,,,,,,,,
skvbjbog,,,,,,,,,,,,,
xzg9epf0,,,,,,,,,,,,,
93jczs7k,,,,,,,,,,,,,
m8li8ccd,,,,,,,,,,,,,
ukzjduh5,,,,,,,,,,,,,
shy3gsz1,,,,,,,,,,,,,
uiccf0ek,,,,,,,,,,,,,
wmxv3bb2,,,,,,,,,,,,,
mghbwl9n,,,,,,,,,,,,,
wgykxvoi,,,,,,,,,,,,,
w3fp1gls,,,,,,,,,,,,,
gdxb0wez,,,,,,,,,,,,,
w5b703mi,,,,,,,,,,,,,
iunnss36,,,,,,,,,,,,,
m9kyzgrh,,,,,,,,,,,,,
f82ivryv,,,,,,,,,,,,,
b0n3ezl9,,,,,,,,,,,,,
1g5lghuq,,,,,,,,,,,,,
kvamrube,,,,,,,,,,,,,
vh4x9v9f,,,,,,,,,,,,,
1iizumui,,,,,,,,,,,,,
2uvs3gr4,,,,,,,,,,,,,
sdzt7i0e,,,,,,,,,,,,,
0q8kw96h,,,,,,,,,,,,,
6dv55lfe,,,,,,,,,,,,,
jvh2ynbt,,,,,,,,,,,,,
wuir96h5,,,,,,,,,,,,,
kcaw3gkr,,,,,,,,,,,,,
q8p66x0e,,,,,,,,,,,,,
tlifv3io,,,,,,,,,,,,,
s0v5hwjp,,,,,,,,,,,,,
wtuvfe8f,,,,,,,,,,,,,
pci4vwwm,,,,,,,,,,,,,
whi1mgps,,,,,,,,,,,,,
n4xev525,,,,,,,,,,,,,
u2aj9lxu,,,,,,,,,,,,,
pjm3j5io,,,,,,,,,,,,,
8v9msjc3,,,,,,,,,,,,,
6a0zkvan,,,,,,,,,,,,,
w49h5qav,,,,,,,,,,,,,
mxruhzsd,,,,,,,,,,,,,
n2cq1fdu,,,,,,,,,,,,,
k1bot8t2,,,,,,,,,,,,,
u8fko6a5,,,,,,,,,,,,,
yn97tdgq,,,,,,,,,,,,,
s5lsdjkk,,,,,,,,,,,,,
f3omn6t4,,,,,,,,,,,,,
gb0oz74u,,,,,,,,,,,,,
vau28k1p,,,,,,,,,,,,,
m678xfds,,,,,,,,,,,,,
u1dk41la,,,,,,,,,,,,,
isnqa8ac,,,,,,,,,,,,,
mkwsn0l0,,,,,,,,,,,,,
6iybnq0y,,,,,,,,,,,,,
85klfvub,,,,,,,,,,,,,
xy9rzf3s,,,,,,,,,,,,,
oablvtuk,,,,,,,,,,,,,
qcq5xpjq,,,,,,,,,,,,,
5asif2jj,,,,,,,,,,,,,
4rn7wu9n,,,,,,,,,,,,,
miuvykzs,,,,,,,,,,,,,
ak9aab35,,,,,,,,,,,,,
sg0t7g75,,,,,,,,,,,,,
sd2vlul8,,,,,,,,,,,,,
9vxic6b2,,,,,,,,,,,,,
u9oclmzq,,,,,,,,,,,,,
ipr1e7kg,,,,,,,,,,,,,
6ygstby1,,,,,,,,,,,,,
z4plzblw,,,,,,,,,,,,,
ye09cy85,,,,,,,,,,,,,
1eqzr516,,,,,,,,,,,,,
w22jdlmk,,,,,,,,,,,,,
5d0l4rd9,,,,,,,,,,,,,
8ghat041,,,,,,,,,,,,,
3eewx6lr,,,,,,,,,,,,,
efe28gtj,,,,,,,,,,,,,
rgaww1vm,,,,,,,,,,,,,
n4x61a0c,,,,,,,,,,,,,
yyjxq4fy,,,,,,,,,,,,,
66iiv87l,,,,,,,,,,,,,
cgqafz82,,,,,,,,,,,,,
27u1txya,,,,,,,,,,,,,
81um8dxn,,,,,,,,,,,,,
abpfjvxx,,,,,,,,,,,,,
o4qyxgxf,,,,,,,,,,,,,
vfwfnuhc,,,,,,,,,,,,,
348r3bvo,,,,,,,,,,,,,
buwyviuf,,,,,,,,,,,,,
80mp88a0,,,,,,,,,,,,,
pb190tu0,,,,,,,,,,,,,
xtk2mrzx,,,,,,,,,,,,,
e4aeo8nu,,,,,,,,,,,,,
wc61ha5g,,,,,,,,,,,,,
3gebxnwq,,,,,,,,,,,,,
r0c17qod,,,,,,,,,,,,,
dztvrke3,,,,,,,,,,,,,
k06n7ilo,,,,,,,,,,,,,
gl6ymzkv,,,,,,,,,,,,,
ifqfup92,,,,,,,,,,,,,
v7pu6zxd,,,,,,,,,,,,,
ewzp59n8,,,,,,,,,,,,,
u8chrshd,,,,,,,,,,,,,
i1x8zamk,,,,,,,,,,,,,
9o8cx460,,,,,,,,,,,,,
yfn1tc54,,,,,,,,,,,,,
yoifo1ki,,,,,,,,,,,,,
j61ba3km,,,,,,,,,,,,,
qkigxoj0,,,,,,,,,,,,,
ljy0x5jv,,,,,,,,,,,,,
ikspv0zv,,,,,,,,,,,,,
2y77qj2k,,,,,,,,,,,,,
luu1lgeg,,,,,,,,,,,,,
ktuzk6mf,,,,,,,,,,,,,
3sdlkr84,,,,,,,,,,,,,
en0ljf2z,,,,,,,,,,,,,
rx6r9v2c,,,,,,,,,,,,,
964zmsnl,,,,,,,,,,,,,
gz9i57e4,,,,,,,,,,,,,
9jw62glk,,,,,,,,,,,,,
tlg619l1,,,,,,,,,,,,,
4u1y4rzu,,,,,,,,,,,,,
ug9i7ezt,,,,,,,,,,,,,
ojjqporu,,,,,,,,,,,,,
fs8b7jy5,,,,,,,,,,,,,
xfvnco46,,,,,,,,,,,,,
rsauku7l,,,,,,,,,,,,,
83sai2ad,,,,,,,,,,,,,
f1p4ocyn,,,,,,,,,,,,,
6p2wrd3k,,,,,,,,,,,,,
ik7twsas,,,,,,,,,,,,,
jais34yg,,,,,,,,,,,,,
wz2tppqt,,,,,,,,,,,,,
m67pggh4,,,,,,,,,,,,,
4pd3bfdk,,,,,,,,,,,,,
88p08ths,,,,,,,,,,,,,
oebq2vz9,,,,,,,,,,,,,
j7nhvspy,,,,,,,,,,,,,
k47vakvh,,,,,,,,,,,,,
cpy6vp5r,,,,,,,,,,,,,
2c8w7akq,,,,,,,,,,,,,
qiiuxqyb,,,,,,,,,,,,,
f295v7vn,,,,,,,,,,,,,
4r94qtzh,,,,,,,,,,,,,
x88fbpjo,,,,,,,,,,,,,
8yjd76ck,,,,,,,,,,,,,
7s70v8vc,,,,,,,,,,,,,
hcwu86ws,,,,,,,,,,,,,
llyfv9up,,,,,,,,,,,,,
ktu0dyt0,,,,,,,,,,,,,
5vsgyd29,,,,,,,,,,,,,
l28ektwy,,,,,,,,,,,,,
l4cyt5tz,,,,,,,,,,,,,
orkxeln4,,,,,,,,,,,,,
xjhqlzz5,,,,,,,,,,,,,
7rh915jr,,,,,,,,,,,,,
2fumr14r,,,,,,,,,,,,,
n9klhzbj,,,,,,,,,,,,,
dc7txqxy,,,,,,,,,,,,,
lfm60t0a,,,,,,,,,,,,,
mm8mczka,,,,,,,,,,,,,
clso57gz,,,,,,,,,,,,,
isanaomj,,,,,,,,,,,,,
b1uktyhq,,,,,,,,,,,,,
n20v8ads,,,,,,,,,,,,,
gczpdwfy,,,,,,,,,,,,,
ycth4slt,,,,,,,,,,,,,
lri1pcnj,,,,,,,,,,,,,
hlp84w4u,,,,,,,,,,,,,
v8a911r4,,,,,,,,,,,,,
4wabzt7k,,,,,,,,,,,,,
2jvrohbo,,,,,,,,,,,,,
v6ssrh1l,,,,,,,,,,,,,
lkmqw433,,,,,,,,,,,,,
f2dcfvqo,,,,,,,,,,,,,
77scpsiy,,,,,,,,,,,,,
it2ntt1g,,,,,,,,,,,,,
1w4qy9ht,,,,,,,,,,,,,
7qzteya5,,,,,,,,,,,,,
2plek6i4,,,,,,,,,,,,,
jcxxsq75,,,,,,,,,,,,,
yp3023ra,,,,,,,,,,,,,
sz0pqwtm,,,,,,,,,,,,,
0d5joz6z,,,,,,,,,,,,,
hrbrnjri,,,,,,,,,,,,,
kl6egjfr,,,,,,,,,,,,,
8d3bualc,,,,,,,,,,,,,
axivyhi9,,,,,,,,,,,,,
dor7cng8,,,,,,,,,,,,,
a5l9s3xy,,,,,,,,,,,,,
i54mppeb,,,,,,,,,,,,,
tu21vymh,,,,,,,,,,,,,
t5bkmk58,,,,,,,,,,,,,
vr9bbmr3,,,,,,,,,,,,,
647s66dq,,,,,,,,,,,,,
zxqbsair,,,,,,,,,,,,,
rt52p7vc,,,,,,,,,,,,,
2km5842x,,,,,,,,,,,,,
4ozntgy5,,,,,,,,,,,,,
ac7lq5ly,,,,,,,,,,,,,
w9lpqxac,,,,,,,,,,,,,
la3xsvff,,,,,,,,,,,,,
1vazhg2n,,,,,,,,,,,,,
jlrdqtdr,,,,,,,,,,,,,
71fr2m2p,,,,,,,,,,,,,
66vs86wu,,,,,,,,,,,,,
t118ugy6,,,,,,,,,,,,,
38ukmser,,,,,,,,,,,,,
xid5rked,,,,,,,,,,,,,
gyw45ftq,,,,,,,,,,,,,
muexeoay,,,,,,,,,,,,,
5yzusnzt,,,,,,,,,,,,,
sc4tfqjj,,,,,,,,,,,,,
p8cf1g6j,,,,,,,,,,,,,
awcrkuz3,,,,,,,,,,,,,
st4j0i5s,,,,,,,,,,,,,
3kz3etrl,,,,,,,,,,,,,
rl0bq79t,,,,,,,,,,,,,
31ysjpfy,,,,,,,,,,,,,
bpwvw0fh,,,,,,,,,,,,,
q67vxde2,,,,,,,,,,,,,
2lakmy8y,,,,,,,,,,,,,
fg22a1f7,,,,,,,,,,,,,
kkevrbip,,,,,,,,,,,,,
typgpwnu,,,,,,,,,,,,,
eibbfqjx,,,,,,,,,,,,,
1v46y7g7,,,,,,,,,,,,,
eqfthlnu,,,,,,,,,,,,,
fg7975an,,,,,,,,,,,,,
lkk1ol0e,,,,,,,,,,,,,
85g0ccvm,,,,,,,,,,,,,
4onmbknq,,,,,,,,,,,,,
wkmjypta,,,,,,,,,,,,,
0lewemzq,,,,,,,,,,,,,
x6b899u0,,,,,,,,,,,,,
6twjpya2,,,,,,,,,,,,,
mvi31itj,,,,,,,,,,,,,
ktur0je7,,,,,,,,,,,,,
5ov3zagp,,,,,,,,,,,,,
8uisdfx5,,,,,,,,,,,,,
kt1sgw67,,,,,,,,,,,,,
c1u7gpbl,,,,,,,,,,,,,
kweujtch,,,,,,,,,,,,,
985tes3n,,,,,,,,,,,,,
3qhmr3xt,,,,,,,,,,,,,
c9my3fxq,,,,,,,,,,,,,
pmjp7hdg,,,,,,,,,,,,,
btei3h4r,,,,,,,,,,,,,
9afkw9uy,,,,,,,,,,,,,
yn9iigtv,,,,,,,,,,,,,
w1xma3cx,,,,,,,,,,,,,
cxg2rxud,,,,,,,,,,,,,
fstkjtii,,,,,,,,,,,,,
sfkxlqox,,,,,,,,,,,,,
jb5ienug,,,,,,,,,,,,,
ush8ncnf,,,,,,,,,,,,,
wf8k9ygx,,,,,,,,,,,,,
pt40uvps,,,,,,,,,,,,,
dzshetdd,,,,,,,,,,,,,
cz3xijl6,,,,,,,,,,,,,
z2gipltn,,,,,,,,,,,,,
3747colx,,,,,,,,,,,,,
oulcar2n,,,,,,,,,,,,,
pk7alcnz,,,,,,,,,,,,,
1hrsaik0,,,,,,,,,,,,,
vnabdyp1,,,,,,,,,,,,,
qs2xt96y,,,,,,,,,,,,,
yqmxa6nt,,,,,,,,,,,,,
vepbsq97,,,,,,,,,,,,,
0n5a3rep,,,,,,,,,,,,,
k3afyisc,,,,,,,,,,,,,
hd6uynuy,,,,,,,,,,,,,
q5b2uqu9,,,,,,,,,,,,,
bayyuiy2,,,,,,,,,,,,,
lslsy9wu,,,,,,,,,,,,,
vulghc74,,,,,,,,,,,,,
kugiyzj4,,,,,,,,,,,,,
gh0voptm,,,,,,,,,,,,,
arypv9xg,,,,,,,,,,,,,
j5kjqoho,,,,,,,,,,,,,
28rsbq3f,,,,,,,,,,,,,
4jhpq3l7,,,,,,,,,,,,,
c2pakqsi,,,,,,,,,,,,,
guo0ctfo,,,,,,,,,,,,,
y03dljve,,,,,,,,,,,,,
mfa24rjf,,,,,,,,,,,,,
gnvn6ldy,,,,,,,,,,,,,
2f69dust,,,,,,,,,,,,,
es3c1u0r,,,,,,,,,,,,,
4eix7i25,,,,,,,,,,,,,
5bl1dda3,,,,,,,,,,,,,
gl4aoe53,,,,,,,,,,,,,
fapay7qg,,,,,,,,,,,,,
6r1uyyf3,,,,,,,,,,,,,
vj0mlyis,,,,,,,,,,,,,
xm5qu4z2,,,,,,,,,,,,,
gtlzt1mf,,,,,,,,,,,,,
zen0b55c,,,,,,,,,,,,,
qyu80csw,,,,,,,,,,,,,
3pblfvj6,,,,,,,,,,,,,
jycjubtg,,,,,,,,,,,,,
9ck1975g,,,,,,,,,,,,,
vz86rd3i,,,,,,,,,,,,,
wxpzkjrh,,,,,,,,,,,,,
5j6ksw4n,,,,,,,,,,,,,
bxdqe9j2,,,,,,,,,,,,,
c6fk4wl0,,,,,,,,,,,,,
lgw9sf53,,,,,,,,,,,,,
o8a9alcd,,,,,,,,,,,,,
bg82x0m8,,,,,,,,,,,,,
ue2n74qu,,,,,,,,,,,,,
wfu53bbp,,,,,,,,,,,,,
539kibk9,,,,,,,,,,,,,
4nj1c1zu,,,,,,,,,,,,,
glqsg0nr,,,,,,,,,,,,,
by6veq7m,,,,,,,,,,,,,
vzkj432o,,,,,,,,,,,,,
7qt7nmsw,,,,,,,,,,,,,
nvu2acz0,,,,,,,,,,,,,
0evzvrim,,,,,,,,,,,,,
3tys8zmv,,,,,,,,,,,,,
mqu8dsky,,,,,,,,,,,,,
09b5yclz,,,,,,,,,,,,,
1mqp5zzt,,,,,,,,,,,,,
7u4sdhoz,,,,,,,,,,,,,
ivcaue06,,,,,,,,,,,,,
dhcvxwwe,,,,,,,,,,,,,
1atz1y0y,,,,,,,,,,,,,
ux38gtje,,,,,,,,,,,,,
4j3jwxgq,,,,,,,,,,,,,
ayg70i34,,,,,,,,,,,,,
yvj72gr0,,,,,,,,,,,,,
dkev0vzx,,,,,,,,,,,,,
3jac0jm5,,,,,,,,,,,,,
28y8zyyr,,,,,,,,,,,,,
23f3gy15,,,,,,,,,,,,,
b85tey98,,,,,,,,,,,,,
w5dx1si2,,,,,,,,,,,,,
uc021vid,,,,,,,,,,,,,
p8tukjhe,,,,,,,,,,,,,
lmuw5iiv,,,,,,,,,,,,,
uwbb5169,,,,,,,,,,,,,
woy2v3y9,,,,,,,,,,,,,
mlnmb7x4,,,,,,,,,,,,,
2leib3xk,,,,,,,,,,,,,
ohm9uvdd,,,,,,,,,,,,,
f6o9ve17,,,,,,,,,,,,,
mwhs1o8d,,,,,,,,,,,,,
bc65k1dr,,,,,,,,,,,,,
jchfd8b8,,,,,,,,,,,,,
ct8slp7x,,,,,,,,,,,,,
82jr7xtz,,,,,,,,,,,,,
7m5epmv8,,,,,,,,,,,,,
p10cxi8v,,,,,,,,,,,,,
rkq744r2,,,,,,,,,,,,,
cim3ahdv,,,,,,,,,,,,,
by0n1nvy,,,,,,,,,,,,,
avyl3q2t,,,,,,,,,,,,,
1mfew94e,,,,,,,,,,,,,
8bimw8gq,,,,,,,,,,,,,
gv31nuun,,,,,,,,,,,,,
o8916gk7,,,,,,,,,,,,,
h8v8nqs4,,,,,,,,,,,,,
fj8eijmv,,,,,,,,,,,,,
enk8pyoz,,,,,,,,,,,,,
248ekdzw,,,,,,,,,,,,,
z7151o58,,,,,,,,,,,,,
cai5isv9,,,,,,,,,,,,,
xbkw3w8m,,,,,,,,,,,,,
c7jxetl3,,,,,,,,,,,,,
j2f3v03c,,,,,,,,,,,,,
cr0edlgf,,,,,,,,,,,,,
nw7ovrgi,,,,,,,,,,,,,
k743k5qw,,,,,,,,,,,,,
phxw7kep,,,,,,,,,,,,,
exq2pt79,,,,,,,,,,,,,
uuc2aofk,,,,,,,,,,,,,
vllrqae8,,,,,,,,,,,,,
vuso33d7,,,,,,,,,,,,,
qanrjxpp,,,,,,,,,,,,,
7aut5hqo,,,,,,,,,,,,,
729qyrg8,,,,,,,,,,,,,
ol8dm0cv,,,,,,,,,,,,,
s5z66tzh,,,,,,,,,,,,,
o6crsavq,,,,,,,,,,,,,
a5oqmy3f,,,,,,,,,,,,,
g2dpspb8,,,,,,,,,,,,,
hquqxrw0,,,,,,,,,,,,,
st9pafsf,,,,,,,,,,,,,
cgodxq30,,,,,,,,,,,,,
l63myys4,,,,,,,,,,,,,
wedgr4cz,,,,,,,,,,,,,
u7k2v2vy,,,,,,,,,,,,,
odmv54oa,,,,,,,,,,,,,
kbczywey,,,,,,,,,,,,,
7h44hhpu,,,,,,,,,,,,,
55gp24c5,,,,,,,,,,,,,
pzz8ogtw,,,,,,,,,,,,,
rljyziew,,,,,,,,,,,,,
187pbsu0,,,,,,,,,,,,,
593viksr,,,,,,,,,,,,,
1uhp24qe,,,,,,,,,,,,,
m448ua3s,,,,,,,,,,,,,
o90q3zmr,,,,,,,,,,,,,
5mtj36h0,,,,,,,,,,,,,
8lddki91,,,,,,,,,,,,,
uevp2onx,,,,,,,,,,,,,
y4i2rupc,,,,,,,,,,,,,
svb59jy6,,,,,,,,,,,,,
c1mxujlb,,,,,,,,,,,,,
g4vud6sl,,,,,,,,,,,,,
uejfh7vk,,,,,,,,,,,,,
6j1owg0u,,,,,,,,,,,,,
tmikq5n7,,,,,,,,,,,,,
fu5gkrhb,,,,,,,,,,,,,
vc04tb6v,,,,,,,,,,,,,
sm4jy3yf,,,,,,,,,,,,,
lb6243w8,,,,,,,,,,,,,
o3c6elwk,,,,,,,,,,,,,
1oq4qsxa,,,,,,,,,,,,,
bestb63f,,,,,,,,,,,,,
pof7kqzf,,,,,,,,,,,,,
2h247fqy,,,,,,,,,,,,,
rmyec4wh,,,,,,,,,,,,,
erfb1uif,,,,,,,,,,,,,
8xvr7t6t,,,,,,,,,,,,,
etp9pubv,,,,,,,,,,,,,
gj5jg92b,,,,,,,,,,,,,
aeubbp44,,,,,,,,,,,,,
a2bk58xx,,,,,,,,,,,,,
112whpmo,,,,,,,,,,,,,
g15n0b0x,,,,,,,,,,,,,
ry1wlw53,,,,,,,,,,,,,
p6zeyzau,,,,,,,,,,,,,
puiqp5p9,,,,,,,,,,,,,
c536trak,,,,,,,,,,,,,
9q6zo71l,,,,,,,,,,,,,
ioml7y8r,,,,,,,,,,,,,
puikxk2u,,,,,,,,,,,,,
oci0bn2t,,,,,,,,,,,,,
vjzjj3jg,,,,,,,,,,,,,
cdv5fgmi,,,,,,,,,,,,,
90f7g0yo,,,,,,,,,,,,,
k9zoe0ub,,,,,,,,,,,,,
kkxeoy3w,,,,,,,,,,,,,
bork5p6r,,,,,,,,,,,,,
rlfvxp5j,,,,,,,,,,,,,
uz4fk4er,,,,,,,,,,,,,
aj9eps9b,,,,,,,,,,,,,
ptabkhm6,,,,,,,,,,,,,
vjrve6aj,,,,,,,,,,,,,
5ogm080y,,,,,,,,,,,,,
13j9wp8a,,,,,,,,,,,,,
utw0qebc,,,,,,,,,,,,,
su16t4qd,,,,,,,,,,,,,
90z4njty,,,,,,,,,,,,,
u6uoxvsu,,,,,,,,,,,,,
zly8hkpn,,,,,,,,,,,,,
15r7sv12,,,,,,,,,,,,,
lxpvljqt,,,,,,,,,,,,,
stiswqzz,,,,,,,,,,,,,
ujlr3ivi,,,,,,,,,,,,,
qnpa803x,,,,,,,,,,,,,
89rehhjw,,,,,,,,,,,,,
qbf6dic5,,,,,,,,,,,,,
b26ep892,,,,,,,,,,,,,
oi01nmgw,,,,,,,,,,,,,
j48p2s5s,,,,,,,,,,,,,
mqit76uo,,,,,,,,,,,,,
47w5qxx3,,,,,,,,,,,,,
61mz1zjq,,,,,,,,,,,,,
a4e41pvt,,,,,,,,,,,,,
20eobtkt,,,,,,,,,,,,,
ueorx8m2,,,,,,,,,,,,,
nr6uvy4v,,,,,,,,,,,,,
yployvkh,,,,,,,,,,,,,
ec0izbnn,,,,,,,,,,,,,
z4i2v51u,,,,,,,,,,,,,
bd798w0s,,,,,,,,,,,,,
fvqvg93r,,,,,,,,,,,,,
8zqlfvam,,,,,,,,,,,,,
vj5nmfcs,,,,,,,,,,,,,
8ulaa835,,,,,,,,,,,,,
h3fncamu,,,,,,,,,,,,,
6wsq1u4v,,,,,,,,,,,,,
7qzez4fa,,,,,,,,,,,,,
tw57iiv8,,,,,,,,,,,,,
4inov40i,,,,,,,,,,,,,
ijaa5srz,,,,,,,,,,,,,
hzeb0ktf,,,,,,,,,,,,,
9qhz56w6,,,,,,,,,,,,,
715l928e,,,,,,,,,,,,,
gmve5tep,,,,,,,,,,,,,
kgfqmt2e,,,,,,,,,,,,,
5j44lc4g,,,,,,,,,,,,,
j19vrpy0,,,,,,,,,,,,,
6q4o1umc,,,,,,,,,,,,,
kk0gdvw6,,,,,,,,,,,,,
7gf7cqv8,,,,,,,,,,,,,
gk34atxu,,,,,,,,,,,,,
eju7l8dz,,,,,,,,,,,,,
jn4re4lw,,,,,,,,,,,,,
lp2hdmbw,,,,,,,,,,,,,
pgruf12q,,,,,,,,,,,,,
vvz14370,,,,,,,,,,,,,
rj38ux9m,,,,,,,,,,,,,
i061cpsg,,,,,,,,,,,,,
v03zzsm4,,,,,,,,,,,,,
kewpa7wl,,,,,,,,,,,,,
dnomyukp,,,,,,,,,,,,,
ct9pi4sx,,,,,,,,,,,,,
n7hv9t0t,,,,,,,,,,,,,
6ssh7zsx,,,,,,,,,,,,,
6uwu1pfi,,,,,,,,,,,,,
4ib1wcll,,,,,,,,,,,,,
nk3n3lce,,,,,,,,,,,,,
bqub5c38,,,,,,,,,,,,,
wcb37qax,,,,,,,,,,,,,
nzp0ginp,,,,,,,,,,,,,
2kv6dtqt,,,,,,,,,,,,,
yw2zpnxa,,,,,,,,,,,,,
7nxmyfec,,,,,,,,,,,,,
pxv04zzo,,,,,,,,,,,,,
t1l56xxw,,,,,,,,,,,,,
68x6mtix,,,,,,,,,,,,,
jape6m9g,,,,,,,,,,,,,
4uifxpbx,,,,,,,,,,,,,
2nrbvkax,,,,,,,,,,,,,
6ev22z50,,,,,,,,,,,,,
8m8qu7bv,,,,,,,,,,,,,
hn2raiz9,,,,,,,,,,,,,
b1sjqpfg,,,,,,,,,,,,,
ltxod9q9,,,,,,,,,,,,,
ly1zjz3r,,,,,,,,,,,,,
y70skagz,,,,,,,,,,,,,
q2eug82m,,,,,,,,,,,,,
q7kbz8wn,,,,,,,,,,,,,
o53gt19g,,,,,,,,,,,,,
ldbcfx0h,,,,,,,,,,,,,
8873k3iq,,,,,,,,,,,,,
4l3hf140,,,,,,,,,,,,,
2e1o21a2,,,,,,,,,,,,,
uy2auqyd,,,,,,,,,,,,,
othpg3p9,,,,,,,,,,,,,
evqv2af1,,,,,,,,,,,,,
f3ljqhgq,,,,,,,,,,,,,
icy48urj,,,,,,,,,,,,,
ilyqpouh,,,,,,,,,,,,,
o3rvqft7,,,,,,,,,,,,,
veqwn7x1,,,,,,,,,,,,,
pdkse6fv,,,,,,,,,,,,,
ek54af36,,,,,,,,,,,,,
pvg2ficg,,,,,,,,,,,,,
mzivrpgp,,,,,,,,,,,,,
hutle70v,,,,,,,,,,,,,
4airlfsn,,,,,,,,,,,,,
30mmfzqh,,,,,,,,,,,,,
dpmpui6y,,,,,,,,,,,,,
mgawv61m,,,,,,,,,,,,,
lsm3x4th,,,,,,,,,,,,,
9b0ixy8g,,,,,,,,,,,,,
mbl11e5a,,,,,,,,,,,,,
0g03bihi,,,,,,,,,,,,,
2g2b4nzm,,,,,,,,,,,,,
9cmwarp0,,,,,,,,,,,,,
3saljzs7,,,,,,,,,,,,,
o6vj2s7o,,,,,,,,,,,,,
bbxygjzn,,,,,,,,,,,,,
p9e76njg,,,,,,,,,,,,,
in1t4p2d,,,,,,,,,,,,,
e6dqnqbh,,,,,,,,,,,,,
2xxyyfsq,,,,,,,,,,,,,
wzuwjjl7,,,,,,,,,,,,,
u171hqaf,,,,,,,,,,,,,
l2kmmu0l,,,,,,,,,,,,,
rd9hpclk,,,,,,,,,,,,,
00xusg7q,,,,,,,,,,,,,
9w4v7g0i,,,,,,,,,,,,,
yhkl6k7a,,,,,,,,,,,,,
nturgu5q,,,,,,,,,,,,,
k8d2akor,,,,,,,,,,,,,
09n7ctwa,,,,,,,,,,,,,
6zzmxl4o,,,,,,,,,,,,,
qa57xbpo,,,,,,,,,,,,,
9zb6l1b1,,,,,,,,,,,,,
jilnbkp4,,,,,,,,,,,,,
x4pjk1e7,,,,,,,,,,,,,
4i5gkbd6,,,,,,,,,,,,,
f2g5rez5,,,,,,,,,,,,,
n4l1doke,,,,,,,,,,,,,
olc84lxs,,,,,,,,,,,,,
pplaekfp,,,,,,,,,,,,,
pzl5lv4o,,,,,,,,,,,,,
uxijgzej,,,,,,,,,,,,,
pt74wv3m,,,,,,,,,,,,,
cas7gmvx,,,,,,,,,,,,,
5tc1rjhy,,,,,,,,,,,,,
bas31tpv,,,,,,,,,,,,,
b4vk9yto,,,,,,,,,,,,,
3zan7nf4,,,,,,,,,,,,,
carkn35f,,,,,,,,,,,,,
kuokfgg7,,,,,,,,,,,,,
gz9gkv5p,,,,,,,,,,,,,
hcccg0cq,,,,,,,,,,,,,
soz5p18o,,,,,,,,,,,,,
j9dtg8wc,,,,,,,,,,,,,
053rer32,,,,,,,,,,,,,
xuxknb4i,,,,,,,,,,,,,
nv362f1t,,,,,,,,,,,,,
a27oe97r,,,,,,,,,,,,,
bwkwiyyd,,,,,,,,,,,,,
jp0lyatx,,,,,,,,,,,,,
hol331ns,,,,,,,,,,,,,
6k6irbsw,,,,,,,,,,,,,
je0qmtkd,,,,,,,,,,,,,
yulonnbb,,,,,,,,,,,,,
omgts4gn,,,,,,,,,,,,,
j1hwun5w,,,,,,,,,,,,,
cj6rrnt9,,,,,,,,,,,,,
wi7hwp2v,,,,,,,,,,,,,
bwl3cbsd,,,,,,,,,,,,,
gz6ghkup,,,,,,,,,,,,,
ex27dxri,,,,,,,,,,,,,
yknnrm68,,,,,,,,,,,,,
gvkdkp1c,,,,,,,,,,,,,
09thjhhg,,,,,,,,,,,,,
8rol8f2q,,,,,,,,,,,,,
oq3npipb,,,,,,,,,,,,,
amc7u0n4,,,,,,,,,,,,,
gdl6btej,,,,,,,,,,,,,
cnsk93ma,,,,,,,,,,,,,
jdkl1f24,,,,,,,,,,,,,
ngsphdlw,,,,,,,,,,,,,
cqnuh2ge,,,,,,,,,,,,,
bxww68gh,,,,,,,,,,,,,
49dkt9hd,,,,,,,,,,,,,
xo1y02nn,,,,,,,,,,,,,
atmiv9ue,,,,,,,,,,,,,
ly4g8ael,,,,,,,,,,,,,
axftprsi,,,,,,,,,,,,,
1dlfey3l,,,,,,,,,,,,,
ef0td9nh,,,,,,,,,,,,,
o2jqv1ha,,,,,,,,,,,,,
9evvsggg,,,,,,,,,,,,,
hphgwwpn,,,,,,,,,,,,,
ytyj19w4,,,,,,,,,,,,,
acdxcmo3,,,,,,,,,,,,,
jplapcy0,,,,,,,,,,,,,
padl7x4i,,,,,,,,,,,,,
kh6z531u,,,,,,,,,,,,,
jh5ucqiq,,,,,,,,,,,,,
i73f07wg,,,,,,,,,,,,,
7zumosqs,,,,,,,,,,,,,
1x2u4oof,,,,,,,,,,,,,
3kkylazx,,,,,,,,,,,,,
pmxgbht9,,,,,,,,,,,,,
p0dophc6,,,,,,,,,,,,,
k4nwp3mb,,,,,,,,,,,,,
wre8rdaw,,,,,,,,,,,,,
51mcrqi7,,,,,,,,,,,,,
svxgaw99,,,,,,,,,,,,,
x9f5b8sw,,,,,,,,,,,,,
f8ilvul2,,,,,,,,,,,,,
s4xxkhud,,,,,,,,,,,,,
xxwm8aus,,,,,,,,,,,,,
242lhpiw,,,,,,,,,,,,,
i4mn7i25,,,,,,,,,,,,,
l6qaogbe,,,,,,,,,,,,,
xg5brp2i,,,,,,,,,,,,,
zr66wl35,,,,,,,,,,,,,
aroynscu,,,,,,,,,,,,,
xjexgnp0,,,,,,,,,,,,,
elkyd1c3,,,,,,,,,,,,,
r7vv28z6,,,,,,,,,,,,,
e2hyu671,,,,,,,,,,,,,
36mexk0u,,,,,,,,,,,,,
si3tqlfr,,,,,,,,,,,,,
movkyorj,,,,,,,,,,,,,
1rwk8qw6,,,,,,,,,,,,,
u5htqip1,,,,,,,,,,,,,
wdklblry,,,,,,,,,,,,,
w053l026,,,,,,,,,,,,,
j4lxkdy2,,,,,,,,,,,,,
ttuzldn9,,,,,,,,,,,,,
pojksx9t,,,,,,,,,,,,,
kcwprbrz,,,,,,,,,,,,,
ahgw43q6,,,,,,,,,,,,,
rqyw4f06,,,,,,,,,,,,,
97aqup41,,,,,,,,,,,,,
nd43jue5,,,,,,,,,,,,,
8eek7llw,,,,,,,,,,,,,
9cyk2m42,,,,,,,,,,,,,
lh078q8v,,,,,,,,,,,,,
mo6ssupu,,,,,,,,,,,,,
ua77ral0,,,,,,,,,,,,,
cygq73xc,,,,,,,,,,,,,
b15g4uir,,,,,,,,,,,,,
svvuvf48,,,,,,,,,,,,,
xnhz3n8z,,,,,,,,,,,,,
1a8jv1k1,,,,,,,,,,,,,
1m0m3req,,,,,,,,,,,,,
vmchxfff,,,,,,,,,,,,,
jfintcsc,,,,,,,,,,,,,
2u6h79c2,,,,,,,,,,,,,
ahpavu8o,,,,,,,,,,,,,
aujncq1m,,,,,,,,,,,,,
7bto3inc,,,,,,,,,,,,,
g29sx9nu,,,,,,,,,,,,,
5y2elzfz,,,,,,,,,,,,,
0ca0j3at,,,,,,,,,,,,,
3jb94bvi,,,,,,,,,,,,,
vf7dhq53,,,,,,,,,,,,,
oy8x076a,,,,,,,,,,,,,
wdickl1f,,,,,,,,,,,,,
0apt1wy7,,,,,,,,,,,,,
6320aznl,,,,,,,,,,,,,
4d5przud,,,,,,,,,,,,,
bp11owm5,,,,,,,,,,,,,
mpr5ipyw,,,,,,,,,,,,,
doxz2dph,,,,,,,,,,,,,
7ohdjczi,,,,,,,,,,,,,
1h3zrgr0,,,,,,,,,,,,,
w5mzdg18,,,,,,,,,,,,,
b6bweybi,,,,,,,,,,,,,
qlgt888h,,,,,,,,,,,,,
ee0bhwtb,,,,,,,,,,,,,
ts71q611,,,,,,,,,,,,,
hp9d5mt0,,,,,,,,,,,,,
k65nrmj2,,,,,,,,,,,,,
9ylq4pji,,,,,,,,,,,,,
nj932ygi,,,,,,,,,,,,,
pmcludr9,,,,,,,,,,,,,
h73g05e0,,,,,,,,,,,,,
8iy6msex,,,,,,,,,,,,,
pjtycz31,,,,,,,,,,,,,
cdr8niuq,,,,,,,,,,,,,
d9eh0a8x,,,,,,,,,,,,,
ircqf0rl,,,,,,,,,,,,,
ew4bxtbo,,,,,,,,,,,,,
hgb20093,,,,,,,,,,,,,
fftlmzlq,,,,,,,,,,,,,
vlt4frfz,,,,,,,,,,,,,
df9miesu,,,,,,,,,,,,,
btkmyzzh,,,,,,,,,,,,,
rxcy8hde,,,,,,,,,,,,,
zhqt56r2,,,,,,,,,,,,,
rg5b8owr,,,,,,,,,,,,,
cqfntimz,,,,,,,,,,,,,
i1xx3qvd,,,,,,,,,,,,,
1c0cbn66,,,,,,,,,,,,,
sekuayv5,,,,,,,,,,,,,
xt3f4ne8,,,,,,,,,,,,,
2l00vkb7,,,,,,,,,,,,,
ddj9425w,,,,,,,,,,,,,
jxjx8z68,,,,,,,,,,,,,
e6usgu4c,,,,,,,,,,,,,
t1agmtax,,,,,,,,,,,,,
eb15qzqu,,,,,,,,,,,,,
432vvr7h,,,,,,,,,,,,,
eyjmfb8g,,,,,,,,,,,,,
zbudlxmv,,,,,,,,,,,,,
p8tk555c,,,,,,,,,,,,,
in52bh73,,,,,,,,,,,,,
5xietcuk,,,,,,,,,,,,,
lo6dgvis,,,,,,,,,,,,,
ksjk1u18,,,,,,,,,,,,,
s7oq9udi,,,,,,,,,,,,,
mxy81wea,,,,,,,,,,,,,
hj9xz5r4,,,,,,,,,,,,,
7s49fwq0,,,,,,,,,,,,,
haiuup5x,,,,,,,,,,,,,
38m3ofnw,,,,,,,,,,,,,
11z0aoje,,,,,,,,,,,,,
u81vnoia,,,,,,,,,,,,,
n6bzgbnn,,,,,,,,,,,,,
3vjpvdpn,,,,,,,,,,,,,
4koawyiv,,,,,,,,,,,,,
0ye84zd3,,,,,,,,,,,,,
il5bs9az,,,,,,,,,,,,,
vrc2rtcd,,,,,,,,,,,,,
ijzdwxth,,,,,,,,,,,,,
68qxgt61,,,,,,,,,,,,,
6aigsg1b,,,,,,,,,,,,,
bgv8texr,,,,,,,,,,,,,
jmodsxnq,,,,,,,,,,,,,
9ks7ovmf,,,,,,,,,,,,,
mjog9jez,,,,,,,,,,,,,
t42759r1,,,,,,,,,,,,,
xfnophsp,,,,,,,,,,,,,
d1phjkn0,,,,,,,,,,,,,
wbmv56tz,,,,,,,,,,,,,
wo4bzua7,,,,,,,,,,,,,
hycidoxl,,,,,,,,,,,,,
5tzhelhb,,,,,,,,,,,,,
dx1finx7,,,,,,,,,,,,,
fhj4cdnz,,,,,,,,,,,,,
z2o0jzbu,,,,,,,,,,,,,
qzp6fpxt,,,,,,,,,,,,,
qkn4piz9,,,,,,,,,,,,,
gh79jby7,,,,,,,,,,,,,
620o1cbg,,,,,,,,,,,,,
jbshmu6j,,,,,,,,,,,,,
cwsofpot,,,,,,,,,,,,,
vj8hzf8s,,,,,,,,,,,,,
qpu8v5mk,,,,,,,,,,,,,
r089xp2j,,,,,,,,,,,,,
ilcxofaj,,,,,,,,,,,,,
flhja8si,,,,,,,,,,,,,
t3hilnst,,,,,,,,,,,,,
zkecynkn,,,,,,,,,,,,,
0p2baumi,,,,,,,,,,,,,
u6rjzgs5,,,,,,,,,,,,,
ocrpxjmr,,,,,,,,,,,,,
0mg62qt1,,,,,,,,,,,,,
r2qwdqk6,,,,,,,,,,,,,
vif496hi,,,,,,,,,,,,,
14fhfqlv,,,,,,,,,,,,,
49eshe6d,,,,,,,,,,,,,
07p5892u,,,,,,,,,,,,,
4jsothnc,,,,,,,,,,,,,
2h3td64h,,,,,,,,,,,,,
n1mq8lue,,,,,,,,,,,,,
66sme5im,,,,,,,,,,,,,
b8pwfatf,,,,,,,,,,,,,
hvslc48f,,,,,,,,,,,,,
vokdsv1l,,,,,,,,,,,,,
u8trbcso,,,,,,,,,,,,,
nan0hh6o,,,,,,,,,,,,,
fb1nr9nv,,,,,,,,,,,,,
3xu0fpp4,,,,,,,,,,,,,
t23u1edw,,,,,,,,,,,,,
l5dt58df,,,,,,,,,,,,,
m883nso2,,,,,,,,,,,,,
9mo8yy5f,,,,,,,,,,,,,
d8hypise,,,,,,,,,,,,,
zqhuctzc,,,,,,,,,,,,,
k5p3d5sz,,,,,,,,,,,,,
vyh9m7wj,,,,,,,,,,,,,
oach1vll,,,,,,,,,,,,,
a0grv2il,,,,,,,,,,,,,
nxojipbq,,,,,,,,,,,,,
ny58ll8c,,,,,,,,,,,,,
tqcjhvpo,,,,,,,,,,,,,
46bnjene,,,,,,,,,,,,,
2c5ktbsw,,,,,,,,,,,,,